POLICY,,DURATION (DAYS),,,,AGE GROUP,,PRICING (2 DECIMAL PLACES MAXIMUM),,,,,,,,,,,,,,,,,
,,,,,,,,,,,,,,,,,,,,,,,,,
INSURER NAME,POLICY NAME,MINIMUM VALUE,UNIT,MAXIMUM VALUE,UNIT,AGE MINIMUM,AGE MAXIMUM,,REGION 1,,,REGION 2,,,REGION 3,,,REGION 4,,,REGION 5,,,REGION 6,
,,,,,,,,SINGLE,DUO,FAMILY,SINGLE,DUO,FAMILY,SINGLE,DUO,FAMILY,SINGLE,DUO,FAMILY,SINGLE,DUO,FAMILY,SINGLE,DUO,FAMILY
Real Travel Insurance,Basic,3,days,3,days,18,59,29.28,58.56,58.56,26.09,52.18,52.18,23.43,46.86,46.86,21.75,43.50,43.50,21.75,43.50,43.50,25.60,51.20,51.20
Real Travel Insurance,Basic,4,days,4,days,18,59,40.16,80.31,80.31,34.26,68.51,68.51,30.95,61.91,61.91,29.28,58.56,58.56,29.28,58.56,58.56,34.46,68.93,68.93
Real Travel Insurance,Basic,5,days,5,days,18,59,50.20,100.39,100.39,42.41,84.81,84.81,38.48,76.97,76.97,37.64,75.28,75.28,31.79,63.58,63.58,37.41,74.83,74.83
Real Travel Insurance,Basic,6,days,6,days,18,59,57.72,115.44,115.44,50.56,101.13,101.13,43.49,86.98,86.98,40.16,80.31,80.31,32.62,65.25,65.25,38.40,76.80,76.80
Real Travel Insurance,Basic,7,days,7,days,18,59,65.25,130.50,130.50,56.28,112.56,112.56,50.20,100.39,100.39,42.66,85.33,85.33,35.13,70.27,70.27,41.35,82.70,82.70
Real Travel Insurance,Basic,8,days,8,days,18,59,69.43,138.86,138.86,58.72,117.45,117.45,51.87,103.73,103.73,43.49,86.98,86.98,35.97,71.94,71.94,42.33,84.67,84.67
Real Travel Insurance,Basic,9,days,9,days,18,59,65.25,130.50,130.50,62.81,125.61,125.61,54.37,108.75,108.75,45.17,90.34,90.34,37.64,75.28,75.28,44.30,88.60,88.60
Real Travel Insurance,Basic,10,days,10,days,18,59,68.59,137.19,137.19,65.25,130.50,130.50,56.89,113.78,113.78,46.02,92.03,92.03,38.48,76.97,76.97,45.29,90.59,90.59
Real Travel Insurance,Basic,11,days,11,days,18,59,71.94,143.89,143.89,67.69,135.39,135.39,59.40,118.80,118.80,47.69,95.37,95.37,39.31,78.62,78.62,46.27,92.54,92.54
Real Travel Insurance,Basic,12,days,12,days,18,59,76.12,152.25,152.25,71.77,143.54,143.54,61.90,123.80,123.80,48.52,97.03,97.03,40.99,81.98,81.98,48.25,96.49,96.49
Real Travel Insurance,Basic,13,days,13,days,18,59,80.30,160.61,160.61,74.22,148.44,148.44,62.74,125.48,125.48,50.20,100.39,100.39,41.83,83.66,83.66,49.23,98.46,98.46
Real Travel Insurance,Basic,14,days,14,days,18,59,83.66,167.31,167.31,77.48,154.97,154.97,65.25,130.50,130.50,51.87,103.73,103.73,42.66,85.33,85.33,50.21,100.43,100.43
Real Travel Insurance,Basic,15,days,15,days,18,59,86.16,172.31,172.31,79.11,158.21,158.21,68.59,137.19,137.19,52.69,105.39,105.39,44.34,88.67,88.67,52.18,104.36,104.36
Real Travel Insurance,Basic,16,days,16,days,18,59,87.84,175.67,175.67,81.55,163.10,163.10,69.43,138.86,138.86,54.37,108.75,108.75,51.87,103.73,103.73,61.05,122.09,122.09
Real Travel Insurance,Basic,17,days,17,days,18,59,91.18,182.36,182.36,84.00,168.00,168.00,71.94,143.89,143.89,55.21,110.42,110.42,52.69,105.39,105.39,62.02,124.04,124.04
Real Travel Insurance,Basic,18,days,18,days,18,59,107.07,214.14,214.14,86.45,172.91,172.91,73.61,147.22,147.22,57.72,115.44,115.44,54.37,108.75,108.75,64.00,127.99,127.99
Real Travel Insurance,Basic,19,days,19,days,18,59,109.59,219.17,219.17,88.09,176.19,176.19,76.12,152.25,152.25,59.40,118.80,118.80,55.21,110.42,110.42,64.98,129.96,129.96
Real Travel Insurance,Basic,20,days,20,days,18,59,112.09,224.19,224.19,90.54,181.07,181.07,76.96,153.92,153.92,60.23,120.45,120.45,56.89,113.78,113.78,66.96,133.92,133.92
Real Travel Insurance,Basic,21,days,21,days,18,59,115.44,230.87,230.87,92.99,185.97,185.97,79.47,158.94,158.94,61.90,123.80,123.80,57.72,115.44,115.44,67.93,135.86,135.86
Real Travel Insurance,Basic,22,days,22,days,18,59,118.79,237.58,237.58,95.43,190.86,190.86,81.15,162.30,162.30,62.74,125.48,125.48,59.40,118.80,118.80,69.91,139.82,139.82
Real Travel Insurance,Basic,23,days,23,days,18,59,121.29,242.58,242.58,97.87,195.73,195.73,83.66,167.31,167.31,64.41,128.83,128.83,60.23,120.45,120.45,70.88,141.77,141.77
Real Travel Insurance,Basic,24,days,24,days,18,59,124.64,249.28,249.28,100.31,200.62,200.62,85.33,170.66,170.66,65.25,130.50,130.50,61.90,123.80,123.80,72.85,145.70,145.70
Real Travel Insurance,Basic,25,days,25,days,18,59,127.15,254.29,254.29,102.76,205.52,205.52,87.84,175.67,175.67,66.92,133.84,133.84,62.74,125.48,125.48,73.84,147.69,147.69
Real Travel Insurance,Basic,26,days,26,days,18,59,129.66,259.33,259.33,105.20,210.41,210.41,88.67,177.34,177.34,68.59,137.19,137.19,65.25,130.50,130.50,76.80,153.59,153.59
Real Travel Insurance,Basic,27,days,27,days,18,59,132.17,264.34,264.34,107.66,215.31,215.31,91.18,182.36,182.36,69.43,138.86,138.86,66.92,133.84,133.84,78.76,157.53,157.53
Real Travel Insurance,Basic,28,days,28,days,18,59,136.35,272.70,272.70,110.10,220.20,220.20,92.85,185.70,185.70,71.10,142.20,142.20,68.59,137.19,137.19,80.73,161.46,161.46
Real Travel Insurance,Basic,29,days,29,days,18,59,140.53,281.06,281.06,112.55,225.10,225.10,95.36,190.72,190.72,71.94,143.89,143.89,69.43,138.86,138.86,81.72,163.43,163.43
Real Travel Insurance,Basic,30,days,30,days,18,59,143.87,287.75,287.75,116.63,233.27,233.27,97.87,195.73,195.73,74.45,148.91,148.91,71.94,143.89,143.89,84.68,169.35,169.35
Real Travel Insurance,Basic,31,days,31,days,18,59,148.05,296.11,296.11,119.08,238.16,238.16,100.38,200.76,200.76,76.12,152.25,152.25,73.61,147.22,147.22,86.63,173.27,173.27
Real Travel Insurance,Basic,32,days,32,days,18,59,152.24,304.48,304.48,123.15,246.31,246.31,102.89,205.78,205.78,78.63,157.26,157.26,74.45,148.91,148.91,87.63,175.26,175.26
Real Travel Insurance,Basic,33,days,33,days,18,59,155.58,311.17,311.17,125.60,251.19,251.19,105.41,210.81,210.81,79.47,158.94,158.94,76.96,153.92,153.92,90.58,181.16,181.16
Real Travel Insurance,Basic,34,days,34,days,18,59,159.78,319.56,319.56,128.05,256.10,256.10,107.91,215.81,215.81,81.98,163.95,163.95,78.63,157.26,157.26,92.55,185.09,185.09
Real Travel Insurance,Basic,35,days,35,days,18,59,163.12,326.23,326.23,132.12,264.25,264.25,110.41,220.83,220.83,83.66,167.31,167.31,79.47,158.94,158.94,93.53,187.06,187.06
Real Travel Insurance,Basic,36,days,42,days,18,59,194.07,388.14,388.14,164.75,329.49,329.49,138.85,277.70,277.70,109.59,219.17,219.17,105.41,210.81,210.81,124.06,248.12,248.12
Real Travel Insurance,Basic,43,days,49,days,18,59,213.31,426.62,426.62,179.43,358.86,358.86,157.26,314.51,314.51,119.62,239.23,239.23,117.11,234.22,234.22,137.83,275.66,275.66
Real Travel Insurance,Basic,50,days,56,days,18,59,244.26,488.53,488.53,198.19,396.38,396.38,168.98,337.97,337.97,132.17,264.34,264.34,127.15,254.29,254.29,149.65,299.30,299.30
Real Travel Insurance,Basic,57,days,63,days,18,59,257.64,515.28,515.28,209.61,419.21,419.21,184.03,368.06,368.06,146.40,292.80,292.80,141.37,282.75,282.75,166.39,332.78,332.78
Real Travel Insurance,Basic,64,days,70,days,18,59,281.90,563.79,563.79,228.36,456.71,456.71,200.76,401.53,401.53,155.58,311.17,311.17,148.05,296.11,296.11,174.25,348.51,348.51
Real Travel Insurance,Basic,71,days,77,days,18,59,310.34,620.68,620.68,235.70,471.41,471.41,221.68,443.36,443.36,171.48,342.97,342.97,164.79,329.58,329.58,193.95,387.90,387.90
Real Travel Insurance,Basic,78,days,84,days,18,59,315.36,630.71,630.71,240.60,481.20,481.20,226.70,453.40,453.40,184.03,368.06,368.06,176.51,353.01,353.01,207.74,415.48,415.48
Real Travel Insurance,Basic,85,days,90,days,18,59,317.86,635.73,635.73,243.04,486.08,486.08,229.20,458.40,458.40,190.73,381.45,381.45,181.52,363.04,363.04,213.64,427.29,427.29
Real Travel Insurance,Basic,91,days,119,days,18,59,383.11,766.23,766.23,293.61,587.21,587.21,276.89,553.78,553.78,215.82,431.64,431.64,207.45,414.90,414.90,244.16,488.33,488.33
Real Travel Insurance,Basic,120,days,149,days,18,59,446.70,893.40,893.40,340.92,681.83,681.83,317.86,635.73,635.73,250.96,501.92,501.92,240.91,481.82,481.82,283.54,567.09,567.09
Real Travel Insurance,Basic,150,days,179,days,18,59,513.61,1027.21,1027.21,391.48,782.96,782.96,365.55,731.10,731.10,277.72,555.43,555.43,276.89,553.78,553.78,325.89,651.78,651.78
Real Travel Insurance,Basic,180,days,209,days,18,59,583.05,1166.10,1166.10,445.32,890.63,890.63,418.25,836.49,836.49,330.42,660.84,660.84,315.36,630.71,630.71,371.16,742.33,742.33
Real Travel Insurance,Basic,210,days,239,days,18,59,642.44,1284.88,1284.88,489.35,978.70,978.70,459.24,918.48,918.48,363.87,727.74,727.74,348.83,697.65,697.65,410.55,821.11,821.11
Real Travel Insurance,Basic,240,days,269,days,18,59,706.84,1413.68,1413.68,538.29,1076.58,1076.58,504.41,1008.82,1008.82,401.52,803.04,803.04,380.61,761.23,761.23,447.97,895.94,895.94
Real Travel Insurance,Basic,270,days,299,days,18,59,767.07,1534.14,1534.14,584.78,1169.56,1169.56,542.06,1084.12,1084.12,432.47,864.95,864.95,411.57,823.13,823.13,484.40,968.80,968.80
Real Travel Insurance,Basic,300,days,329,days,18,59,826.46,1652.92,1652.92,629.63,1259.26,1259.26,583.88,1167.76,1167.76,468.44,936.88,936.88,446.70,893.40,893.40,525.75,1051.50,1051.50
Real Travel Insurance,Basic,330,days,366,days,18,59,872.48,1744.96,1744.96,667.16,1334.31,1334.31,616.50,1233.01,1233.01,495.21,990.43,990.43,473.46,946.91,946.91,557.24,1114.48,1114.48
Real Travel Insurance,Basic,3,days,3,days,60,69,33.67,67.34,67.34,30.01,60.03,60.03,26.93,53.87,53.87,25.01,50.01,50.01,25.01,50.01,50.01,29.43,58.86,58.86
Real Travel Insurance,Basic,4,days,4,days,60,69,46.18,92.35,92.35,39.39,78.78,78.78,35.60,71.20,71.20,33.67,67.34,67.34,33.67,67.34,67.34,39.63,79.26,79.26
Real Travel Insurance,Basic,5,days,5,days,60,69,57.72,115.44,115.44,48.78,97.56,97.56,44.26,88.51,88.51,43.28,86.57,86.57,36.56,73.11,73.11,43.02,86.05,86.05
Real Travel Insurance,Basic,6,days,6,days,60,69,66.37,132.75,132.75,58.15,116.30,116.30,50.03,100.05,100.05,46.18,92.35,92.35,37.51,75.02,75.02,44.15,88.30,88.30
Real Travel Insurance,Basic,7,days,7,days,60,69,75.03,150.06,150.06,64.71,129.42,129.42,57.72,115.44,115.44,49.06,98.12,98.12,40.40,80.79,80.79,47.55,95.09,95.09
Real Travel Insurance,Basic,8,days,8,days,60,69,79.85,159.69,159.69,67.53,135.06,135.06,59.64,119.28,119.28,50.03,100.05,100.05,41.36,82.72,82.72,48.68,97.36,97.36
Real Travel Insurance,Basic,9,days,9,days,60,69,75.03,150.06,150.06,72.22,144.44,144.44,62.53,125.07,125.07,51.95,103.89,103.89,43.28,86.57,86.57,50.94,101.88,101.88
Real Travel Insurance,Basic,10,days,10,days,60,69,78.89,157.78,157.78,75.03,150.06,150.06,65.42,130.84,130.84,52.90,105.81,105.81,44.26,88.51,88.51,52.09,104.17,104.17
Real Travel Insurance,Basic,11,days,11,days,60,69,82.73,165.46,165.46,77.85,155.71,155.71,68.30,136.61,136.61,54.82,109.65,109.65,45.21,90.42,90.42,53.21,106.43,106.43
Real Travel Insurance,Basic,12,days,12,days,60,69,87.54,175.08,175.08,82.54,165.08,165.08,71.18,142.36,142.36,55.80,111.59,111.59,47.13,94.27,94.27,55.47,110.95,110.95
Real Travel Insurance,Basic,13,days,13,days,60,69,92.35,184.70,184.70,85.35,170.70,170.70,72.15,144.29,144.29,57.72,115.44,115.44,48.10,96.19,96.19,56.61,113.22,113.22
Real Travel Insurance,Basic,14,days,14,days,60,69,96.20,192.40,192.40,89.11,178.21,178.21,75.03,150.06,150.06,59.64,119.28,119.28,49.06,98.12,98.12,57.74,115.49,115.49
Real Travel Insurance,Basic,15,days,15,days,60,69,99.08,198.16,198.16,90.98,181.96,181.96,78.89,157.78,157.78,60.60,121.21,121.21,50.99,101.98,101.98,60.01,120.03,120.03
Real Travel Insurance,Basic,16,days,16,days,60,69,101.00,202.00,202.00,93.79,187.58,187.58,79.85,159.69,159.69,62.53,125.07,125.07,59.64,119.28,119.28,70.19,140.39,140.39
Real Travel Insurance,Basic,17,days,17,days,60,69,104.85,209.70,209.70,96.60,193.21,193.21,82.73,165.46,165.46,63.49,126.98,126.98,60.60,121.21,121.21,71.33,142.66,142.66
Real Travel Insurance,Basic,18,days,18,days,60,69,123.13,246.26,246.26,99.43,198.85,198.85,84.66,169.32,169.32,66.37,132.75,132.75,62.53,125.07,125.07,73.60,147.20,147.20
Real Travel Insurance,Basic,19,days,19,days,60,69,126.02,252.04,252.04,101.29,202.58,202.58,87.54,175.08,175.08,68.30,136.61,136.61,63.49,126.98,126.98,74.72,149.45,149.45
Real Travel Insurance,Basic,20,days,20,days,60,69,128.90,257.80,257.80,104.11,208.22,208.22,88.50,177.00,177.00,69.26,138.52,138.52,65.42,130.84,130.84,76.99,153.99,153.99
Real Travel Insurance,Basic,21,days,21,days,60,69,132.75,265.50,265.50,106.92,213.85,213.85,91.39,182.78,182.78,71.18,142.36,142.36,66.37,132.75,132.75,78.12,156.24,156.24
Real Travel Insurance,Basic,22,days,22,days,60,69,136.61,273.22,273.22,109.75,219.49,219.49,93.31,186.62,186.62,72.15,144.29,144.29,68.30,136.61,136.61,80.39,160.78,160.78
Real Travel Insurance,Basic,23,days,23,days,60,69,139.49,278.97,278.97,112.55,225.10,225.10,96.20,192.40,192.40,74.07,148.15,148.15,69.26,138.52,138.52,81.52,163.03,163.03
Real Travel Insurance,Basic,24,days,24,days,60,69,143.34,286.69,286.69,115.36,230.73,230.73,98.12,196.25,196.25,75.03,150.06,150.06,71.18,142.36,142.36,83.78,167.56,167.56
Real Travel Insurance,Basic,25,days,25,days,60,69,146.21,292.43,292.43,118.19,236.37,236.37,101.00,202.00,202.00,76.96,153.92,153.92,72.15,144.29,144.29,84.91,169.83,169.83
Real Travel Insurance,Basic,26,days,26,days,60,69,149.11,298.21,298.21,121.00,242.00,242.00,101.97,203.95,203.95,78.89,157.78,157.78,75.03,150.06,150.06,88.31,176.62,176.62
Real Travel Insurance,Basic,27,days,27,days,60,69,151.99,303.98,303.98,123.81,247.62,247.62,104.85,209.70,209.70,79.85,159.69,159.69,76.96,153.92,153.92,90.58,181.16,181.16
Real Travel Insurance,Basic,28,days,28,days,60,69,156.81,313.61,313.61,126.62,253.23,253.23,106.78,213.56,213.56,81.77,163.53,163.53,78.89,157.78,157.78,92.85,185.70,185.70
Real Travel Insurance,Basic,29,days,29,days,60,69,161.61,323.23,323.23,129.44,258.88,258.88,109.67,219.33,219.33,82.73,165.46,165.46,79.85,159.69,159.69,93.98,187.95,187.95
Real Travel Insurance,Basic,30,days,30,days,60,69,165.46,330.93,330.93,134.12,268.23,268.23,112.55,225.10,225.10,85.62,171.23,171.23,82.73,165.46,165.46,97.37,194.74,194.74
Real Travel Insurance,Basic,31,days,31,days,60,69,170.27,340.54,340.54,136.93,273.86,273.86,115.44,230.87,230.87,87.54,175.08,175.08,84.66,169.32,169.32,99.64,199.28,199.28
Real Travel Insurance,Basic,32,days,32,days,60,69,175.08,350.15,350.15,141.63,283.26,283.26,118.32,236.64,236.64,90.43,180.86,180.86,85.62,171.23,171.23,100.77,201.54,201.54
Real Travel Insurance,Basic,33,days,33,days,60,69,178.93,357.85,357.85,144.44,288.87,288.87,121.21,242.42,242.42,91.39,182.78,182.78,88.50,177.00,177.00,104.16,208.33,208.33
Real Travel Insurance,Basic,34,days,34,days,60,69,183.74,367.48,367.48,147.25,294.50,294.50,124.09,248.19,248.19,94.27,188.55,188.55,90.43,180.86,180.86,106.43,212.87,212.87
Real Travel Insurance,Basic,35,days,35,days,60,69,187.58,375.16,375.16,151.94,303.89,303.89,126.99,253.97,253.97,96.20,192.40,192.40,91.39,182.78,182.78,107.56,215.12,215.12
Real Travel Insurance,Basic,36,days,42,days,60,69,223.18,446.36,446.36,189.46,378.93,378.93,159.70,319.40,319.40,126.02,252.04,252.04,121.21,242.42,242.42,142.66,285.31,285.31
Real Travel Insurance,Basic,43,days,49,days,60,69,245.30,490.60,490.60,206.35,412.70,412.70,180.85,361.69,361.69,137.56,275.13,275.13,134.67,269.34,269.34,158.50,317.00,317.00
Real Travel Insurance,Basic,50,days,56,days,60,69,280.89,561.78,561.78,227.92,455.83,455.83,194.32,388.64,388.64,151.99,303.98,303.98,146.21,292.43,292.43,172.09,344.17,344.17
Real Travel Insurance,Basic,57,days,63,days,60,69,296.29,592.58,592.58,241.05,482.10,482.10,211.64,423.28,423.28,168.35,336.70,336.70,162.57,325.14,325.14,191.34,382.68,382.68
Real Travel Insurance,Basic,64,days,70,days,60,69,324.19,648.38,648.38,262.62,525.24,525.24,230.88,461.76,461.76,178.93,357.85,357.85,170.27,340.54,340.54,200.40,400.80,400.80
Real Travel Insurance,Basic,71,days,77,days,60,69,356.90,713.81,713.81,271.07,542.14,542.14,254.92,509.84,509.84,197.20,394.41,394.41,189.52,379.04,379.04,223.06,446.11,446.11
Real Travel Insurance,Basic,78,days,84,days,60,69,362.67,725.33,725.33,276.69,553.38,553.38,260.70,521.40,521.40,211.64,423.28,423.28,202.98,405.97,405.97,238.90,477.81,477.81
Real Travel Insurance,Basic,85,days,90,days,60,69,365.55,731.10,731.10,279.50,559.00,559.00,263.58,527.16,527.16,219.34,438.68,438.68,208.75,417.49,417.49,245.69,491.37,491.37
Real Travel Insurance,Basic,91,days,119,days,60,69,440.58,881.17,881.17,337.65,675.31,675.31,318.41,636.82,636.82,248.19,496.39,496.39,238.57,477.13,477.13,280.78,561.56,561.56
Real Travel Insurance,Basic,120,days,149,days,60,69,513.70,1027.40,1027.40,392.04,784.09,784.09,365.55,731.10,731.10,288.59,577.18,577.18,277.05,554.10,554.10,326.08,652.15,652.15
Real Travel Insurance,Basic,150,days,179,days,60,69,590.65,1181.31,1181.31,450.21,900.42,900.42,420.39,840.79,840.79,319.38,638.75,638.75,318.41,636.82,636.82,374.76,749.52,749.52
Real Travel Insurance,Basic,180,days,209,days,60,69,670.50,1341.00,1341.00,512.11,1024.22,1024.22,480.99,961.98,961.98,379.99,759.97,759.97,362.67,725.33,725.33,426.84,853.69,853.69
Real Travel Insurance,Basic,210,days,239,days,60,69,738.80,1477.59,1477.59,562.76,1125.51,1125.51,528.12,1056.24,1056.24,418.46,836.91,836.91,401.14,802.28,802.28,472.13,944.26,944.26
Real Travel Insurance,Basic,240,days,269,days,60,69,812.87,1625.74,1625.74,619.03,1238.07,1238.07,580.08,1160.15,1160.15,461.75,923.51,923.51,437.71,875.41,875.41,515.16,1030.33,1030.33
Real Travel Insurance,Basic,270,days,299,days,60,69,882.13,1764.26,1764.26,672.50,1345.00,1345.00,623.37,1246.73,1246.73,497.34,994.69,994.69,473.30,946.59,946.59,557.05,1114.10,1114.10
Real Travel Insurance,Basic,300,days,329,days,60,69,950.44,1900.89,1900.89,724.08,1448.16,1448.16,671.46,1342.93,1342.93,538.71,1077.43,1077.43,513.70,1027.40,1027.40,604.61,1209.22,1209.22
Real Travel Insurance,Basic,330,days,366,days,60,69,1003.35,2006.69,2006.69,767.22,1534.45,1534.45,708.98,1417.95,1417.95,569.49,1138.98,1138.98,544.48,1088.96,1088.96,640.83,1281.66,1281.66
Real Travel Insurance,Basic,3,days,3,days,70,74,48.31,96.61,96.61,43.07,86.13,86.13,38.65,77.31,77.31,35.89,71.78,71.78,35.89,71.78,71.78,42.24,84.48,84.48
Real Travel Insurance,Basic,4,days,4,days,70,74,66.25,132.51,132.51,56.52,113.04,113.04,51.07,102.14,102.14,48.31,96.61,96.61,48.31,96.61,96.61,56.85,113.71,113.71
Real Travel Insurance,Basic,5,days,5,days,70,74,82.81,165.62,165.62,69.98,139.95,139.95,63.49,126.98,126.98,62.11,124.21,124.21,52.45,104.89,104.89,61.73,123.45,123.45
Real Travel Insurance,Basic,6,days,6,days,70,74,95.24,190.48,190.48,83.44,166.88,166.88,71.77,143.54,143.54,66.25,132.51,132.51,53.83,107.66,107.66,63.35,126.71,126.71
Real Travel Insurance,Basic,7,days,7,days,70,74,107.66,215.31,215.31,92.86,185.72,185.72,82.81,165.62,165.62,70.39,140.77,140.77,57.96,115.92,115.92,68.22,136.43,136.43
Real Travel Insurance,Basic,8,days,8,days,70,74,114.56,229.12,229.12,96.89,193.79,193.79,85.57,171.14,171.14,71.77,143.54,143.54,59.35,118.70,118.70,69.85,139.71,139.71
Real Travel Insurance,Basic,9,days,9,days,70,74,107.66,215.31,215.31,103.62,207.24,207.24,89.72,179.43,179.43,74.53,149.07,149.07,62.11,124.21,124.21,73.10,146.19,146.19
Real Travel Insurance,Basic,10,days,10,days,70,74,113.18,226.36,226.36,107.66,215.31,215.31,93.86,187.73,187.73,75.92,151.83,151.83,63.49,126.98,126.98,74.72,149.45,149.45
Real Travel Insurance,Basic,11,days,11,days,70,74,118.71,237.42,237.42,111.69,223.38,223.38,97.99,195.99,195.99,78.68,157.36,157.36,64.87,129.74,129.74,76.35,152.70,152.70
Real Travel Insurance,Basic,12,days,12,days,70,74,125.60,251.19,251.19,118.43,236.85,236.85,102.14,204.28,204.28,80.05,160.11,160.11,67.64,135.27,135.27,79.61,159.21,159.21
Real Travel Insurance,Basic,13,days,13,days,70,74,132.50,265.00,265.00,122.46,244.92,244.92,103.52,207.03,207.03,82.81,165.62,165.62,69.01,138.02,138.02,81.22,162.45,162.45
Real Travel Insurance,Basic,14,days,14,days,70,74,138.02,276.04,276.04,127.84,255.68,255.68,107.66,215.31,215.31,85.57,171.14,171.14,70.39,140.77,140.77,82.84,165.68,165.68
Real Travel Insurance,Basic,15,days,15,days,70,74,142.17,284.34,284.34,130.54,261.08,261.08,113.18,226.36,226.36,86.96,173.92,173.92,73.15,146.30,146.30,86.10,172.19,172.19
Real Travel Insurance,Basic,16,days,16,days,70,74,144.92,289.84,289.84,134.57,269.13,269.13,114.56,229.12,229.12,89.72,179.43,179.43,85.57,171.14,171.14,100.71,201.42,201.42
Real Travel Insurance,Basic,17,days,17,days,70,74,150.45,300.90,300.90,138.61,277.22,277.22,118.71,237.42,237.42,91.10,182.20,182.20,86.96,173.92,173.92,102.35,204.70,204.70
Real Travel Insurance,Basic,18,days,18,days,70,74,176.67,353.33,353.33,142.65,285.30,285.30,121.46,242.91,242.91,95.24,190.48,190.48,89.72,179.43,179.43,105.59,211.19,211.19
Real Travel Insurance,Basic,19,days,19,days,70,74,180.81,361.63,361.63,145.34,290.67,290.67,125.60,251.19,251.19,97.99,195.99,195.99,91.10,182.20,182.20,107.22,214.44,214.44
Real Travel Insurance,Basic,20,days,20,days,70,74,184.95,369.89,369.89,149.38,298.76,298.76,126.99,253.97,253.97,99.38,198.75,198.75,93.86,187.73,187.73,110.47,220.95,220.95
Real Travel Insurance,Basic,21,days,21,days,70,74,190.48,380.95,380.95,153.41,306.83,306.83,131.13,262.25,262.25,102.14,204.28,204.28,95.24,190.48,190.48,112.09,224.18,224.18
Real Travel Insurance,Basic,22,days,22,days,70,74,195.99,391.98,391.98,157.45,314.90,314.90,133.87,267.75,267.75,103.52,207.03,207.03,97.99,195.99,195.99,115.34,230.67,230.67
Real Travel Insurance,Basic,23,days,23,days,70,74,200.14,400.27,400.27,161.48,322.97,322.97,138.02,276.04,276.04,106.28,212.56,212.56,99.38,198.75,198.75,116.96,233.93,233.93
Real Travel Insurance,Basic,24,days,24,days,70,74,205.65,411.30,411.30,165.53,331.05,331.05,140.79,281.57,281.57,107.66,215.31,215.31,102.14,204.28,204.28,120.22,240.44,240.44
Real Travel Insurance,Basic,25,days,25,days,70,74,209.79,419.58,419.58,169.56,339.12,339.12,144.92,289.84,289.84,110.41,220.83,220.83,103.52,207.03,207.03,121.84,243.67,243.67
Real Travel Insurance,Basic,26,days,26,days,70,74,213.93,427.86,427.86,173.60,347.21,347.21,146.30,292.60,292.60,113.18,226.36,226.36,107.66,215.31,215.31,126.71,253.41,253.41
Real Travel Insurance,Basic,27,days,27,days,70,74,218.08,436.15,436.15,177.63,355.26,355.26,150.45,300.90,300.90,114.56,229.12,229.12,110.41,220.83,220.83,129.95,259.90,259.90
Real Travel Insurance,Basic,28,days,28,days,70,74,224.97,449.95,449.95,181.67,363.35,363.35,153.21,306.41,306.41,117.32,234.63,234.63,113.18,226.36,226.36,133.21,266.41,266.41
Real Travel Insurance,Basic,29,days,29,days,70,74,231.89,463.77,463.77,185.71,371.42,371.42,157.34,314.67,314.67,118.71,237.42,237.42,114.56,229.12,229.12,134.83,269.67,269.67
Real Travel Insurance,Basic,30,days,30,days,70,74,237.40,474.80,474.80,192.44,384.87,384.87,161.48,322.97,322.97,122.84,245.68,245.68,118.71,237.42,237.42,139.71,279.43,279.43
Real Travel Insurance,Basic,31,days,31,days,70,74,244.30,488.61,488.61,196.48,392.96,392.96,165.62,331.25,331.25,125.60,251.19,251.19,121.46,242.91,242.91,142.95,285.90,285.90
Real Travel Insurance,Basic,32,days,32,days,70,74,251.21,502.42,502.42,203.21,406.42,406.42,169.77,339.54,339.54,129.74,259.49,259.49,122.84,245.68,245.68,144.58,289.15,289.15
Real Travel Insurance,Basic,33,days,33,days,70,74,256.72,513.44,513.44,207.24,414.48,414.48,173.90,347.80,347.80,131.13,262.25,262.25,126.99,253.97,253.97,149.46,298.92,298.92
Real Travel Insurance,Basic,34,days,34,days,70,74,263.63,527.25,527.25,211.28,422.55,422.55,178.05,356.10,356.10,135.27,270.53,270.53,129.74,259.49,259.49,152.70,305.41,305.41
Real Travel Insurance,Basic,35,days,35,days,70,74,269.15,538.30,538.30,218.01,436.03,436.03,182.20,364.39,364.39,138.02,276.04,276.04,131.13,262.25,262.25,154.33,308.66,308.66
Real Travel Insurance,Basic,36,days,42,days,70,74,320.22,640.44,640.44,271.84,543.68,543.68,229.12,458.24,458.24,180.81,361.63,361.63,173.90,347.80,347.80,204.68,409.35,409.35
Real Travel Insurance,Basic,43,days,49,days,70,74,351.96,703.92,703.92,296.06,592.12,592.12,259.48,518.96,518.96,197.37,394.74,394.74,193.23,386.47,386.47,227.43,454.86,454.86
Real Travel Insurance,Basic,50,days,56,days,70,74,403.03,806.06,806.06,327.01,654.02,654.02,278.81,557.62,557.62,218.08,436.15,436.15,209.79,419.58,419.58,246.92,493.83,493.83
Real Travel Insurance,Basic,57,days,63,days,70,74,425.11,850.22,850.22,345.85,691.70,691.70,303.65,607.31,607.31,241.54,483.08,483.08,233.25,466.50,466.50,274.53,549.06,549.06
Real Travel Insurance,Basic,64,days,70,days,70,74,465.14,930.28,930.28,376.80,753.61,753.61,331.26,662.53,662.53,256.72,513.44,513.44,244.30,488.61,488.61,287.54,575.07,575.07
Real Travel Insurance,Basic,71,days,77,days,70,74,512.06,1024.12,1024.12,388.91,777.82,777.82,365.76,731.52,731.52,282.96,565.91,565.91,271.91,543.81,543.81,320.02,640.04,640.04
Real Travel Insurance,Basic,78,days,84,days,70,74,520.35,1040.70,1040.70,396.99,793.97,793.97,374.04,748.08,748.08,303.65,607.31,607.31,291.24,582.47,582.47,342.77,685.55,685.55
Real Travel Insurance,Basic,85,days,90,days,70,74,524.49,1048.98,1048.98,401.03,802.06,802.06,378.18,756.36,756.36,314.69,629.38,629.38,299.51,599.03,599.03,352.52,705.03,705.03
Real Travel Insurance,Basic,91,days,119,days,70,74,632.15,1264.30,1264.30,484.46,968.92,968.92,456.86,913.72,913.72,356.11,712.22,712.22,342.30,684.60,684.60,402.87,805.75,805.75
Real Travel Insurance,Basic,120,days,149,days,70,74,737.04,1474.09,1474.09,562.51,1125.03,1125.03,524.49,1048.98,1048.98,414.07,828.13,828.13,397.50,795.00,795.00,467.84,935.69,935.69
Real Travel Insurance,Basic,150,days,179,days,70,74,847.46,1694.93,1694.93,645.95,1291.91,1291.91,603.16,1206.32,1206.32,458.24,916.48,916.48,456.86,913.72,913.72,537.71,1075.41,1075.41
Real Travel Insurance,Basic,180,days,209,days,70,74,962.02,1924.05,1924.05,734.77,1469.54,1469.54,690.11,1380.22,1380.22,545.19,1090.39,1090.39,520.35,1040.70,1040.70,612.43,1224.86,1224.86
Real Travel Insurance,Basic,210,days,239,days,70,74,1060.02,2120.04,2120.04,807.44,1614.87,1614.87,757.75,1515.50,1515.50,600.40,1200.81,1200.81,575.55,1151.10,1151.10,677.40,1354.80,1354.80
Real Travel Insurance,Basic,240,days,269,days,70,74,1166.29,2332.59,2332.59,888.18,1776.35,1776.35,832.28,1664.56,1664.56,662.51,1325.02,1325.02,628.00,1256.01,1256.01,739.14,1478.28,1478.28
Real Travel Insurance,Basic,270,days,299,days,70,74,1265.67,2531.34,2531.34,964.88,1929.76,1929.76,894.39,1788.78,1788.78,713.58,1427.16,1427.16,679.07,1358.14,1358.14,799.24,1598.48,1598.48
Real Travel Insurance,Basic,300,days,329,days,70,74,1363.67,2727.35,2727.35,1038.90,2077.81,2077.81,963.40,1926.80,1926.80,772.93,1545.86,1545.86,737.04,1474.09,1474.09,867.47,1734.95,1734.95
Real Travel Insurance,Basic,330,days,366,days,70,74,1439.58,2879.16,2879.16,1100.80,2201.61,2201.61,1017.24,2034.47,2034.47,817.10,1634.20,1634.20,781.21,1562.42,1562.42,919.46,1838.91,1838.91
Real Travel Insurance,Basic,3,days,3,days,75,79,95.15,190.30,190.30,84.83,169.66,169.66,76.12,152.25,152.25,70.68,141.37,141.37,70.68,141.37,141.37,83.19,166.38,166.38
Real Travel Insurance,Basic,4,days,4,days,75,79,130.49,260.98,260.98,111.32,222.64,222.64,100.59,201.18,201.18,95.15,190.30,190.30,95.15,190.30,190.30,111.99,223.97,223.97
Real Travel Insurance,Basic,5,days,5,days,75,79,163.12,326.23,326.23,137.84,275.67,275.67,125.07,250.13,250.13,122.33,244.67,244.67,103.32,206.63,206.63,121.60,243.20,243.20
Real Travel Insurance,Basic,6,days,6,days,75,79,187.58,375.16,375.16,164.34,328.68,328.68,141.37,282.75,282.75,130.49,260.98,260.98,106.02,212.05,212.05,124.79,249.57,249.57
Real Travel Insurance,Basic,7,days,7,days,75,79,212.05,424.10,424.10,182.90,365.79,365.79,163.12,326.23,326.23,138.66,277.31,277.31,114.18,228.37,228.37,134.39,268.78,268.78
Real Travel Insurance,Basic,8,days,8,days,75,79,225.65,451.30,451.30,190.85,381.69,381.69,168.56,337.11,337.11,141.37,282.75,282.75,116.90,233.80,233.80,137.59,275.17,275.17
Real Travel Insurance,Basic,9,days,9,days,75,79,212.05,424.10,424.10,204.10,408.20,408.20,176.72,353.43,353.43,146.81,293.61,293.61,122.33,244.67,244.67,143.98,287.96,287.96
Real Travel Insurance,Basic,10,days,10,days,75,79,222.92,445.85,445.85,212.05,424.10,424.10,184.87,369.73,369.73,149.52,299.05,299.05,125.07,250.13,250.13,147.20,294.40,294.40
Real Travel Insurance,Basic,11,days,11,days,75,79,233.81,467.61,467.61,220.00,440.00,440.00,193.02,386.05,386.05,154.97,309.93,309.93,127.77,255.55,255.55,150.39,300.77,300.77
Real Travel Insurance,Basic,12,days,12,days,75,79,247.40,494.80,494.80,233.25,466.50,466.50,201.17,402.35,402.35,157.68,315.36,315.36,133.22,266.43,266.43,156.79,313.58,313.58
Real Travel Insurance,Basic,13,days,13,days,75,79,260.99,521.98,521.98,241.21,482.42,482.42,203.91,407.81,407.81,163.12,326.23,326.23,135.92,271.85,271.85,159.98,319.96,319.96
Real Travel Insurance,Basic,14,days,14,days,75,79,271.87,543.73,543.73,251.81,503.62,503.62,212.05,424.10,424.10,168.56,337.11,337.11,138.66,277.31,277.31,163.19,326.39,326.39
Real Travel Insurance,Basic,15,days,15,days,75,79,280.02,560.03,560.03,257.12,514.23,514.23,222.92,445.85,445.85,171.27,342.55,342.55,144.08,288.17,288.17,169.58,339.16,339.16
Real Travel Insurance,Basic,16,days,16,days,75,79,285.46,570.91,570.91,265.07,530.13,530.13,225.65,451.30,451.30,176.72,353.43,353.43,168.56,337.11,337.11,198.39,396.77,396.77
Real Travel Insurance,Basic,17,days,17,days,75,79,296.34,592.68,592.68,273.01,546.03,546.03,233.81,467.61,467.61,179.43,358.86,358.86,171.27,342.55,342.55,201.58,403.17,403.17
Real Travel Insurance,Basic,18,days,18,days,75,79,347.99,695.98,695.98,280.96,561.93,561.93,239.24,478.48,478.48,187.58,375.16,375.16,176.72,353.43,353.43,207.99,415.98,415.98
Real Travel Insurance,Basic,19,days,19,days,75,79,356.14,712.28,712.28,286.28,572.55,572.55,247.40,494.80,494.80,193.02,386.05,386.05,179.43,358.86,358.86,211.19,422.37,422.37
Real Travel Insurance,Basic,20,days,20,days,75,79,364.30,728.60,728.60,294.22,588.44,588.44,250.12,500.23,500.23,195.75,391.50,391.50,184.87,369.73,369.73,217.58,435.16,435.16
Real Travel Insurance,Basic,21,days,21,days,75,79,375.17,750.35,750.35,302.18,604.35,604.35,258.27,516.55,516.55,201.17,402.35,402.35,187.58,375.16,375.16,220.78,441.55,441.55
Real Travel Insurance,Basic,22,days,22,days,75,79,386.05,772.10,772.10,310.12,620.25,620.25,263.71,527.41,527.41,203.91,407.81,407.81,193.02,386.05,386.05,227.18,454.36,454.36
Real Travel Insurance,Basic,23,days,23,days,75,79,394.20,788.40,788.40,318.08,636.16,636.16,271.87,543.73,543.73,209.33,418.66,418.66,195.75,391.50,391.50,230.39,460.78,460.78
Real Travel Insurance,Basic,24,days,24,days,75,79,405.07,810.15,810.15,326.03,652.06,652.06,277.30,554.60,554.60,212.05,424.10,424.10,201.17,402.35,402.35,236.77,473.55,473.55
Real Travel Insurance,Basic,25,days,25,days,75,79,413.24,826.48,826.48,333.98,667.96,667.96,285.46,570.91,570.91,217.50,435.00,435.00,203.91,407.81,407.81,239.99,479.98,479.98
Real Travel Insurance,Basic,26,days,26,days,75,79,421.38,842.76,842.76,341.93,683.86,683.86,288.18,576.36,576.36,222.92,445.85,445.85,212.05,424.10,424.10,249.57,499.15,499.15
Real Travel Insurance,Basic,27,days,27,days,75,79,429.54,859.08,859.08,349.89,699.77,699.77,296.34,592.68,592.68,225.65,451.30,451.30,217.50,435.00,435.00,255.99,511.98,511.98
Real Travel Insurance,Basic,28,days,28,days,75,79,443.14,886.28,886.28,357.84,715.67,715.67,301.77,603.53,603.53,231.09,462.18,462.18,222.92,445.85,445.85,262.37,524.75,524.75
Real Travel Insurance,Basic,29,days,29,days,75,79,456.73,913.46,913.46,365.79,731.59,731.59,309.93,619.86,619.86,233.81,467.61,467.61,225.65,451.30,451.30,265.58,531.16,531.16
Real Travel Insurance,Basic,30,days,30,days,75,79,467.61,935.21,935.21,379.05,758.09,758.09,318.08,636.16,636.16,241.97,483.93,483.93,233.81,467.61,467.61,275.18,550.36,550.36
Real Travel Insurance,Basic,31,days,31,days,75,79,481.21,962.41,962.41,387.00,773.99,773.99,326.24,652.48,652.48,247.40,494.80,494.80,239.24,478.48,478.48,281.58,563.15,563.15
Real Travel Insurance,Basic,32,days,32,days,75,79,494.80,989.59,989.59,400.26,800.52,800.52,334.40,668.80,668.80,255.56,511.11,511.11,241.97,483.93,483.93,284.78,569.57,569.57
Real Travel Insurance,Basic,33,days,33,days,75,79,505.67,1011.34,1011.34,408.21,816.42,816.42,342.55,685.10,685.10,258.27,516.55,516.55,250.12,500.23,500.23,294.38,588.75,588.75
Real Travel Insurance,Basic,34,days,34,days,75,79,519.26,1038.53,1038.53,416.16,832.31,832.31,350.71,701.41,701.41,266.42,532.83,532.83,255.56,511.11,511.11,300.78,601.56,601.56
Real Travel Insurance,Basic,35,days,35,days,75,79,530.14,1060.28,1060.28,429.41,858.82,858.82,358.85,717.70,717.70,271.87,543.73,543.73,258.27,516.55,516.55,303.98,607.96,607.96
Real Travel Insurance,Basic,36,days,42,days,75,79,630.72,1261.44,1261.44,535.44,1070.87,1070.87,451.31,902.61,902.61,356.14,712.28,712.28,342.55,685.10,685.10,403.17,806.33,806.33
Real Travel Insurance,Basic,43,days,49,days,75,79,693.25,1386.51,1386.51,583.15,1166.31,1166.31,511.11,1022.21,1022.21,388.77,777.55,777.55,380.61,761.23,761.23,447.97,895.94,895.94
Real Travel Insurance,Basic,50,days,56,days,75,79,793.85,1587.69,1587.69,644.12,1288.24,1288.24,549.16,1098.33,1098.33,429.54,859.08,859.08,413.24,826.48,826.48,486.37,972.73,972.73
Real Travel Insurance,Basic,57,days,63,days,75,79,837.34,1674.67,1674.67,681.22,1362.44,1362.44,598.10,1196.21,1196.21,475.76,951.51,951.51,459.45,918.89,918.89,540.75,1081.51,1081.51
Real Travel Insurance,Basic,64,days,70,days,75,79,916.18,1832.36,1832.36,742.19,1484.37,1484.37,652.47,1304.94,1304.94,505.67,1011.34,1011.34,481.21,962.41,962.41,566.36,1132.72,1132.72
Real Travel Insurance,Basic,71,days,77,days,75,79,1008.61,2017.22,2017.22,766.04,1532.09,1532.09,720.44,1440.88,1440.88,557.32,1114.64,1114.64,535.57,1071.14,1071.14,630.35,1260.70,1260.70
Real Travel Insurance,Basic,78,days,84,days,75,79,1024.92,2049.84,2049.84,781.95,1563.90,1563.90,736.75,1473.49,1473.49,598.10,1196.21,1196.21,573.64,1147.28,1147.28,675.15,1350.30,1350.30
Real Travel Insurance,Basic,85,days,90,days,75,79,1033.08,2066.16,2066.16,789.91,1579.81,1579.81,744.90,1489.81,1489.81,619.85,1239.69,1239.69,589.95,1179.89,1179.89,694.35,1388.69,1388.69
Real Travel Insurance,Basic,91,days,119,days,75,79,1245.13,2490.27,2490.27,954.24,1908.47,1908.47,899.87,1799.74,1799.74,701.41,1402.83,1402.83,674.23,1348.46,1348.46,793.54,1587.09,1587.09
Real Travel Insurance,Basic,120,days,149,days,75,79,1451.75,2903.50,2903.50,1107.98,2215.96,2215.96,1033.08,2066.16,2066.16,815.59,1631.17,1631.17,782.97,1565.94,1565.94,921.53,1843.05,1843.05
Real Travel Insurance,Basic,150,days,179,days,75,79,1669.25,3338.50,3338.50,1272.32,2544.64,2544.64,1188.04,2376.09,2376.09,902.59,1805.17,1805.17,899.87,1799.74,1799.74,1059.11,2118.23,2118.23
Real Travel Insurance,Basic,180,days,209,days,75,79,1894.89,3789.78,3789.78,1447.27,2894.53,2894.53,1359.32,2718.63,2718.63,1073.86,2147.72,2147.72,1024.92,2049.84,2049.84,1206.29,2412.58,2412.58
Real Travel Insurance,Basic,210,days,239,days,75,79,2087.91,4175.83,4175.83,1590.41,3180.82,3180.82,1492.53,2985.05,2985.05,1182.61,2365.22,2365.22,1133.68,2267.35,2267.35,1334.30,2668.59,2668.59
Real Travel Insurance,Basic,240,days,269,days,75,79,2297.25,4594.49,4594.49,1749.44,3498.88,3498.88,1639.35,3278.70,3278.70,1304.95,2609.90,2609.90,1236.98,2473.97,2473.97,1455.88,2911.77,2911.77
Real Travel Insurance,Basic,270,days,299,days,75,79,2492.99,4985.99,4985.99,1900.53,3801.06,3801.06,1761.68,3523.36,3523.36,1405.54,2811.08,2811.08,1337.57,2675.14,2675.14,1574.27,3148.53,3148.53
Real Travel Insurance,Basic,300,days,329,days,75,79,2686.02,5372.04,5372.04,2046.32,4092.64,4092.64,1897.61,3795.21,3795.21,1522.44,3044.88,3044.88,1451.75,2903.50,2903.50,1708.66,3417.31,3417.31
Real Travel Insurance,Basic,330,days,366,days,75,79,2835.53,5671.07,5671.07,2168.24,4336.48,4336.48,2003.63,4007.26,4007.26,1609.42,3218.85,3218.85,1538.76,3077.52,3077.52,1811.06,3622.12,3622.12
Real Travel Insurance,Comprehensive,3,days,3,days,18,59,36.60,73.20,73.20,32.61,65.23,65.23,29.29,58.57,58.57,27.19,54.37,54.37,27.19,54.37,54.37,32.00,64.00,64.00
Real Travel Insurance,Comprehensive,4,days,4,days,18,59,50.20,100.39,100.39,42.82,85.64,85.64,38.69,77.38,77.38,36.60,73.20,73.20,36.60,73.20,73.20,43.08,86.16,86.16
Real Travel Insurance,Comprehensive,5,days,5,days,18,59,62.74,125.49,125.49,53.01,106.02,106.02,48.11,96.21,96.21,47.05,94.10,94.10,39.74,79.47,79.47,46.77,93.54,93.54
Real Travel Insurance,Comprehensive,6,days,6,days,18,59,72.15,144.30,144.30,63.21,126.41,126.41,54.36,108.73,108.73,50.20,100.39,100.39,40.78,81.56,81.56,48.00,96.00,96.00
Real Travel Insurance,Comprehensive,7,days,7,days,18,59,81.56,163.12,163.12,70.35,140.70,140.70,62.74,125.49,125.49,53.33,106.66,106.66,43.92,87.83,87.83,51.69,103.37,103.37
Real Travel Insurance,Comprehensive,8,days,8,days,18,59,86.79,173.57,173.57,73.40,146.81,146.81,64.83,129.67,129.67,54.36,108.73,108.73,44.96,89.92,89.92,52.92,105.83,105.83
Real Travel Insurance,Comprehensive,9,days,9,days,18,59,81.56,163.12,163.12,78.51,157.02,157.02,67.97,135.94,135.94,56.46,112.93,112.93,47.05,94.10,94.10,55.38,110.75,110.75
Real Travel Insurance,Comprehensive,10,days,10,days,18,59,85.74,171.48,171.48,81.56,163.12,163.12,71.11,142.23,142.23,57.52,115.04,115.04,48.11,96.21,96.21,56.62,113.24,113.24
Real Travel Insurance,Comprehensive,11,days,11,days,18,59,89.93,179.86,179.86,84.62,169.23,169.23,74.25,148.50,148.50,59.61,119.22,119.22,49.14,98.28,98.28,57.84,115.67,115.67
Real Travel Insurance,Comprehensive,12,days,12,days,18,59,95.16,190.31,190.31,89.71,179.42,179.42,77.37,154.74,154.74,60.64,121.29,121.29,51.24,102.48,102.48,60.31,120.62,120.62
Real Travel Insurance,Comprehensive,13,days,13,days,18,59,100.38,200.76,200.76,92.77,185.55,185.55,78.43,156.85,156.85,62.74,125.49,125.49,52.28,104.57,104.57,61.54,123.07,123.07
Real Travel Insurance,Comprehensive,14,days,14,days,18,59,104.57,209.14,209.14,96.85,193.71,193.71,81.56,163.12,163.12,64.83,129.67,129.67,53.33,106.66,106.66,62.77,125.53,125.53
Real Travel Insurance,Comprehensive,15,days,15,days,18,59,107.69,215.39,215.39,98.88,197.77,197.77,85.74,171.48,171.48,65.87,131.74,131.74,55.42,110.84,110.84,65.23,130.45,130.45
Real Travel Insurance,Comprehensive,16,days,16,days,18,59,109.79,219.59,219.59,101.94,203.87,203.87,86.79,173.57,173.57,67.97,135.94,135.94,64.83,129.67,129.67,76.31,152.61,152.61
Real Travel Insurance,Comprehensive,17,days,17,days,18,59,113.97,227.95,227.95,105.00,210.00,210.00,89.93,179.86,179.86,69.01,138.03,138.03,65.87,131.74,131.74,77.52,155.05,155.05
Real Travel Insurance,Comprehensive,18,days,18,days,18,59,133.84,267.67,267.67,108.07,216.13,216.13,92.01,184.02,184.02,72.15,144.30,144.30,67.97,135.94,135.94,80.00,159.99,159.99
Real Travel Insurance,Comprehensive,19,days,19,days,18,59,136.98,273.96,273.96,110.12,220.23,220.23,95.16,190.31,190.31,74.25,148.50,148.50,69.01,138.03,138.03,81.23,162.45,162.45
Real Travel Insurance,Comprehensive,20,days,20,days,18,59,140.12,280.23,280.23,113.17,226.34,226.34,96.20,192.40,192.40,75.28,150.57,150.57,71.11,142.23,142.23,83.70,167.39,167.39
Real Travel Insurance,Comprehensive,21,days,21,days,18,59,144.30,288.59,288.59,116.23,232.47,232.47,99.34,198.67,198.67,77.37,154.74,154.74,72.15,144.30,144.30,84.92,169.83,169.83
Real Travel Insurance,Comprehensive,22,days,22,days,18,59,148.49,296.97,296.97,119.29,238.58,238.58,101.43,202.87,202.87,78.43,156.85,156.85,74.25,148.50,148.50,87.39,174.77,174.77
Real Travel Insurance,Comprehensive,23,days,23,days,18,59,151.61,303.22,303.22,122.33,244.67,244.67,104.57,209.14,209.14,80.52,161.03,161.03,75.28,150.57,150.57,88.60,177.21,177.21
Real Travel Insurance,Comprehensive,24,days,24,days,18,59,155.80,311.60,311.60,125.39,250.77,250.77,106.66,213.32,213.32,81.56,163.12,163.12,77.37,154.74,154.74,91.06,182.13,182.13
Real Travel Insurance,Comprehensive,25,days,25,days,18,59,158.93,317.87,317.87,128.45,256.90,256.90,109.79,219.59,219.59,83.65,167.30,167.30,78.43,156.85,156.85,92.31,184.61,184.61
Real Travel Insurance,Comprehensive,26,days,26,days,18,59,162.08,324.16,324.16,131.51,263.01,263.01,110.84,221.68,221.68,85.74,171.48,171.48,81.56,163.12,163.12,96.00,191.99,191.99
Real Travel Insurance,Comprehensive,27,days,27,days,18,59,165.21,330.43,330.43,134.57,269.14,269.14,113.97,227.95,227.95,86.79,173.57,173.57,83.65,167.30,167.30,98.45,196.91,196.91
Real Travel Insurance,Comprehensive,28,days,28,days,18,59,170.44,340.88,340.88,137.62,275.25,275.25,116.06,232.13,232.13,88.88,177.75,177.75,85.74,171.48,171.48,100.91,201.83,201.83
Real Travel Insurance,Comprehensive,29,days,29,days,18,59,175.66,351.33,351.33,140.69,281.38,281.38,119.20,238.40,238.40,89.93,179.86,179.86,86.79,173.57,173.57,102.14,204.29,204.29
Real Travel Insurance,Comprehensive,30,days,30,days,18,59,179.84,359.68,359.68,145.79,291.59,291.59,122.33,244.67,244.67,93.07,186.13,186.13,89.93,179.86,179.86,105.85,211.69,211.69
Real Travel Insurance,Comprehensive,31,days,31,days,18,59,185.07,370.13,370.13,148.85,297.69,297.69,125.48,250.96,250.96,95.16,190.31,190.31,92.01,184.02,184.02,108.29,216.59,216.59
Real Travel Insurance,Comprehensive,32,days,32,days,18,59,190.30,380.60,380.60,153.94,307.88,307.88,128.61,257.22,257.22,98.29,196.58,196.58,93.07,186.13,186.13,109.53,219.07,219.07
Real Travel Insurance,Comprehensive,33,days,33,days,18,59,194.48,388.96,388.96,157.00,313.99,313.99,131.76,263.51,263.51,99.34,198.67,198.67,96.20,192.40,192.40,113.22,226.45,226.45
Real Travel Insurance,Comprehensive,34,days,34,days,18,59,199.73,399.45,399.45,160.06,320.12,320.12,134.88,269.76,269.76,102.47,204.94,204.94,98.29,196.58,196.58,115.68,231.37,231.37
Real Travel Insurance,Comprehensive,35,days,35,days,18,59,203.89,407.79,407.79,165.15,330.31,330.31,138.02,276.03,276.03,104.57,209.14,209.14,99.34,198.67,198.67,116.91,233.83,233.83
Real Travel Insurance,Comprehensive,36,days,42,days,18,59,242.59,485.17,485.17,205.93,411.87,411.87,173.56,347.13,347.13,136.98,273.96,273.96,131.76,263.51,263.51,155.07,310.15,310.15
Real Travel Insurance,Comprehensive,43,days,49,days,18,59,266.64,533.28,533.28,224.29,448.58,448.58,196.57,393.14,393.14,149.52,299.04,299.04,146.39,292.77,292.77,172.29,344.58,344.58
Real Travel Insurance,Comprehensive,50,days,56,days,18,59,305.33,610.66,610.66,247.74,495.48,495.48,211.23,422.46,422.46,165.21,330.43,330.43,158.93,317.87,317.87,187.06,374.12,374.12
Real Travel Insurance,Comprehensive,57,days,63,days,18,59,322.05,644.10,644.10,262.01,524.01,524.01,230.04,460.07,460.07,183.00,365.99,365.99,176.72,353.44,353.44,207.99,415.98,415.98
Real Travel Insurance,Comprehensive,64,days,70,days,18,59,352.37,704.74,704.74,285.45,570.89,570.89,250.96,501.91,501.91,194.48,388.96,388.96,185.07,370.13,370.13,217.82,435.63,435.63
Real Travel Insurance,Comprehensive,71,days,77,days,18,59,387.93,775.85,775.85,294.63,589.26,589.26,277.10,554.20,554.20,214.35,428.71,428.71,205.98,411.97,411.97,242.44,484.87,484.87
Real Travel Insurance,Comprehensive,78,days,84,days,18,59,394.20,788.39,788.39,300.75,601.50,601.50,283.38,566.75,566.75,230.04,460.07,460.07,220.63,441.27,441.27,259.68,519.35,519.35
Real Travel Insurance,Comprehensive,85,days,90,days,18,59,397.33,794.66,794.66,303.80,607.61,607.61,286.50,573.00,573.00,238.41,476.81,476.81,226.90,453.81,453.81,267.06,534.11,534.11
Real Travel Insurance,Comprehensive,91,days,119,days,18,59,478.89,957.79,957.79,367.01,734.02,734.02,346.11,692.22,692.22,269.77,539.55,539.55,259.31,518.63,518.63,305.20,610.41,610.41
Real Travel Insurance,Comprehensive,120,days,149,days,18,59,558.37,1116.75,1116.75,426.15,852.29,852.29,397.33,794.66,794.66,313.70,627.40,627.40,301.14,602.28,602.28,354.43,708.86,708.86
Real Travel Insurance,Comprehensive,150,days,179,days,18,59,642.01,1284.01,1284.01,489.35,978.70,978.70,456.94,913.88,913.88,347.15,694.29,694.29,346.11,692.22,692.22,407.36,814.72,814.72
Real Travel Insurance,Comprehensive,180,days,209,days,18,59,728.81,1457.63,1457.63,556.65,1113.29,1113.29,522.81,1045.62,1045.62,413.02,826.05,826.05,394.20,788.39,788.39,463.95,927.91,927.91
Real Travel Insurance,Comprehensive,210,days,239,days,18,59,803.05,1606.10,1606.10,611.68,1223.37,1223.37,574.05,1148.10,1148.10,454.84,909.68,909.68,436.03,872.06,872.06,513.19,1026.39,1026.39
Real Travel Insurance,Comprehensive,240,days,269,days,18,59,883.55,1767.09,1767.09,672.86,1345.72,1345.72,630.51,1261.03,1261.03,501.90,1003.80,1003.80,475.77,951.54,951.54,559.96,1119.92,1119.92
Real Travel Insurance,Comprehensive,270,days,299,days,18,59,958.84,1917.68,1917.68,730.97,1461.95,1461.95,677.57,1355.15,1355.15,540.59,1081.18,1081.18,514.46,1028.92,1028.92,605.50,1211.00,1211.00
Real Travel Insurance,Comprehensive,300,days,329,days,18,59,1033.08,2066.16,2066.16,787.04,1574.07,1574.07,729.85,1459.70,1459.70,585.55,1171.10,1171.10,558.37,1116.75,1116.75,657.19,1314.37,1314.37
Real Travel Insurance,Comprehensive,330,days,366,days,18,59,1090.60,2181.19,2181.19,833.95,1667.89,1667.89,770.63,1541.26,1541.26,619.02,1238.04,1238.04,591.82,1183.64,1183.64,682.85,1365.70,1365.70
Real Travel Insurance,Comprehensive,3,days,3,days,60,69,42.09,84.17,84.17,37.52,75.03,75.03,33.67,67.34,67.34,31.26,62.51,62.51,31.26,62.51,62.51,36.79,73.58,73.58
Real Travel Insurance,Comprehensive,4,days,4,days,60,69,57.72,115.44,115.44,49.24,98.48,98.48,44.50,89.00,89.00,42.09,84.17,84.17,42.09,84.17,84.17,49.53,99.07,99.07
Real Travel Insurance,Comprehensive,5,days,5,days,60,69,72.15,144.30,144.30,60.98,121.95,121.95,55.32,110.64,110.64,54.10,108.21,108.21,45.69,91.39,91.39,53.78,107.56,107.56
Real Travel Insurance,Comprehensive,6,days,6,days,60,69,82.97,165.94,165.94,72.69,145.38,145.38,62.53,125.07,125.07,57.72,115.44,115.44,46.89,93.78,93.78,55.19,110.37,110.37
Real Travel Insurance,Comprehensive,7,days,7,days,60,69,93.79,187.58,187.58,80.89,161.78,161.78,72.15,144.30,144.30,61.33,122.65,122.65,50.50,100.99,100.99,59.43,118.86,118.86
Real Travel Insurance,Comprehensive,8,days,8,days,60,69,99.81,199.61,199.61,84.42,168.83,168.83,74.55,149.10,149.10,62.53,125.07,125.07,51.70,103.40,103.40,60.85,121.70,121.70
Real Travel Insurance,Comprehensive,9,days,9,days,60,69,93.79,187.58,187.58,90.27,180.55,180.55,78.17,156.33,156.33,64.93,129.87,129.87,54.10,108.21,108.21,63.68,127.36,127.36
Real Travel Insurance,Comprehensive,10,days,10,days,60,69,98.61,197.22,197.22,93.79,187.58,187.58,81.77,163.55,163.55,66.13,132.26,132.26,55.32,110.64,110.64,65.11,130.22,130.22
Real Travel Insurance,Comprehensive,11,days,11,days,60,69,103.41,206.83,206.83,97.32,194.63,194.63,85.38,170.76,170.76,68.53,137.06,137.06,56.51,113.03,113.03,66.52,133.03,133.03
Real Travel Insurance,Comprehensive,12,days,12,days,60,69,109.42,218.84,218.84,103.17,206.35,206.35,88.98,177.95,177.95,69.75,139.49,139.49,58.92,117.83,117.83,69.34,138.68,138.68
Real Travel Insurance,Comprehensive,13,days,13,days,60,69,115.44,230.88,230.88,106.69,213.38,213.38,90.18,180.36,180.36,72.15,144.30,144.30,60.12,120.24,120.24,70.76,141.52,141.52
Real Travel Insurance,Comprehensive,14,days,14,days,60,69,120.25,240.51,240.51,111.38,222.76,222.76,93.79,187.58,187.58,74.55,149.10,149.10,61.33,122.65,122.65,72.18,144.36,144.36
Real Travel Insurance,Comprehensive,15,days,15,days,60,69,123.85,247.70,247.70,113.72,227.45,227.45,98.61,197.22,197.22,75.75,151.51,151.51,63.74,127.48,127.48,75.02,150.04,150.04
Real Travel Insurance,Comprehensive,16,days,16,days,60,69,126.25,252.50,252.50,117.24,234.48,234.48,99.81,199.61,199.61,78.17,156.33,156.33,74.55,149.10,149.10,87.74,175.48,175.48
Real Travel Insurance,Comprehensive,17,days,17,days,60,69,131.06,262.13,262.13,120.76,241.51,241.51,103.41,206.83,206.83,79.36,158.72,158.72,75.75,151.51,151.51,89.16,178.32,178.32
Real Travel Insurance,Comprehensive,18,days,18,days,60,69,153.91,307.82,307.82,124.28,248.56,248.56,105.83,211.65,211.65,82.97,165.94,165.94,78.17,156.33,156.33,92.00,184.00,184.00
Real Travel Insurance,Comprehensive,19,days,19,days,60,69,157.53,315.06,315.06,126.61,253.23,253.23,109.42,218.84,218.84,85.38,170.76,170.76,79.36,158.72,158.72,93.41,186.81,186.81
Real Travel Insurance,Comprehensive,20,days,20,days,60,69,161.12,322.25,322.25,130.14,260.28,260.28,110.63,221.26,221.26,86.58,173.15,173.15,81.77,163.55,163.55,96.24,192.49,192.49
Real Travel Insurance,Comprehensive,21,days,21,days,60,69,165.94,331.87,331.87,133.66,267.31,267.31,114.23,228.47,228.47,88.98,177.95,177.95,82.97,165.94,165.94,97.65,195.30,195.30
Real Travel Insurance,Comprehensive,22,days,22,days,60,69,170.76,341.52,341.52,137.18,274.36,274.36,116.64,233.27,233.27,90.18,180.36,180.36,85.38,170.76,170.76,100.49,200.98,200.98
Real Travel Insurance,Comprehensive,23,days,23,days,60,69,174.36,348.71,348.71,140.69,281.38,281.38,120.25,240.51,240.51,92.59,185.19,185.19,86.58,173.15,173.15,101.90,203.79,203.79
Real Travel Insurance,Comprehensive,24,days,24,days,60,69,179.18,358.36,358.36,144.21,288.41,288.41,122.65,245.31,245.31,93.79,187.58,187.58,88.98,177.95,177.95,104.72,209.44,209.44
Real Travel Insurance,Comprehensive,25,days,25,days,60,69,182.77,365.53,365.53,147.73,295.46,295.46,126.25,252.50,252.50,96.20,192.40,192.40,90.18,180.36,180.36,106.14,212.28,212.28
Real Travel Insurance,Comprehensive,26,days,26,days,60,69,186.38,372.77,372.77,151.25,302.50,302.50,127.47,254.93,254.93,98.61,197.22,197.22,93.79,187.58,187.58,110.39,220.77,220.77
Real Travel Insurance,Comprehensive,27,days,27,days,60,69,189.99,379.98,379.98,154.76,309.53,309.53,131.06,262.13,262.13,99.81,199.61,199.61,96.20,192.40,192.40,113.22,226.45,226.45
Real Travel Insurance,Comprehensive,28,days,28,days,60,69,196.01,392.02,392.02,158.27,316.54,316.54,133.48,266.95,266.95,102.21,204.42,204.42,98.61,197.22,197.22,116.06,232.12,232.12
Real Travel Insurance,Comprehensive,29,days,29,days,60,69,202.02,404.03,404.03,161.80,323.60,323.60,137.08,274.16,274.16,103.41,206.83,206.83,99.81,199.61,199.61,117.47,234.94,234.94
Real Travel Insurance,Comprehensive,30,days,30,days,60,69,206.83,413.66,413.66,167.65,335.29,335.29,140.69,281.38,281.38,107.02,214.04,214.04,103.41,206.83,206.83,121.71,243.43,243.43
Real Travel Insurance,Comprehensive,31,days,31,days,60,69,212.84,425.67,425.67,171.16,342.32,342.32,144.30,288.59,288.59,109.42,218.84,218.84,105.83,211.65,211.65,124.55,249.11,249.11
Real Travel Insurance,Comprehensive,32,days,32,days,60,69,218.84,437.69,437.69,177.04,354.08,354.08,147.90,295.81,295.81,113.04,226.08,226.08,107.02,214.04,214.04,125.96,251.92,251.92
Real Travel Insurance,Comprehensive,33,days,33,days,60,69,223.66,447.31,447.31,180.55,361.09,361.09,151.51,303.02,303.02,114.23,228.47,228.47,110.63,221.26,221.26,130.21,260.41,260.41
Real Travel Insurance,Comprehensive,34,days,34,days,60,69,229.68,459.35,459.35,184.06,368.12,368.12,155.12,310.23,310.23,117.84,235.68,235.68,113.04,226.08,226.08,133.04,266.09,266.09
Real Travel Insurance,Comprehensive,35,days,35,days,60,69,234.48,468.96,468.96,189.93,379.86,379.86,158.73,317.47,317.47,120.25,240.51,240.51,114.23,228.47,228.47,134.45,268.90,268.90
Real Travel Insurance,Comprehensive,36,days,42,days,60,69,278.98,557.95,557.95,236.83,473.66,473.66,199.62,399.25,399.25,157.53,315.06,315.06,151.51,303.02,303.02,178.32,356.64,356.64
Real Travel Insurance,Comprehensive,43,days,49,days,60,69,306.63,613.25,613.25,257.94,515.88,515.88,226.06,452.12,452.12,171.96,343.91,343.91,168.34,336.68,336.68,198.13,396.26,396.26
Real Travel Insurance,Comprehensive,50,days,56,days,60,69,351.11,702.23,702.23,284.89,569.79,569.79,242.90,485.79,485.79,189.99,379.98,379.98,182.77,365.53,365.53,215.11,430.22,430.22
Real Travel Insurance,Comprehensive,57,days,63,days,60,69,370.36,740.73,740.73,301.31,602.62,602.62,264.55,529.10,529.10,210.44,420.87,420.87,203.21,406.42,406.42,239.17,478.34,478.34
Real Travel Insurance,Comprehensive,64,days,70,days,60,69,405.24,810.48,810.48,328.28,656.55,656.55,288.60,577.20,577.20,223.66,447.31,447.31,212.84,425.67,425.67,250.50,501.00,501.00
Real Travel Insurance,Comprehensive,71,days,77,days,60,69,446.13,892.26,892.26,338.84,677.67,677.67,318.65,637.30,637.30,246.50,493.01,493.01,236.90,473.80,473.80,278.82,557.64,557.64
Real Travel Insurance,Comprehensive,78,days,84,days,60,69,453.33,906.67,906.67,345.86,691.72,691.72,325.88,651.75,651.75,264.55,529.10,529.10,253.73,507.46,507.46,298.63,597.26,597.26
Real Travel Insurance,Comprehensive,85,days,90,days,60,69,456.94,913.88,913.88,349.38,698.75,698.75,329.47,658.95,658.95,274.17,548.35,548.35,260.93,521.86,521.86,307.11,614.21,614.21
Real Travel Insurance,Comprehensive,91,days,119,days,60,69,550.73,1101.46,1101.46,422.07,844.13,844.13,398.01,796.03,796.03,310.24,620.49,620.49,298.21,596.41,596.41,350.98,701.96,701.96
Real Travel Insurance,Comprehensive,120,days,149,days,60,69,642.13,1284.25,1284.25,490.05,980.11,980.11,456.94,913.88,913.88,360.74,721.48,721.48,346.31,692.62,692.62,407.60,815.19,815.19
Real Travel Insurance,Comprehensive,150,days,179,days,60,69,738.32,1476.63,1476.63,562.77,1125.53,1125.53,525.49,1050.98,1050.98,399.22,798.44,798.44,398.01,796.03,796.03,468.45,936.89,936.89
Real Travel Insurance,Comprehensive,180,days,209,days,60,69,838.12,1676.25,1676.25,640.14,1280.28,1280.28,601.24,1202.47,1202.47,474.98,949.97,949.97,453.33,906.67,906.67,533.56,1067.11,1067.11
Real Travel Insurance,Comprehensive,210,days,239,days,60,69,923.49,1846.99,1846.99,703.44,1406.89,1406.89,660.15,1320.30,1320.30,523.07,1046.14,1046.14,501.43,1002.86,1002.86,590.16,1180.32,1180.32
Real Travel Insurance,Comprehensive,240,days,269,days,60,69,1016.09,2032.18,2032.18,773.79,1547.59,1547.59,725.10,1450.19,1450.19,577.19,1154.39,1154.39,547.13,1094.26,1094.26,643.95,1287.91,1287.91
Real Travel Insurance,Comprehensive,270,days,299,days,60,69,1102.66,2205.33,2205.33,840.63,1681.25,1681.25,779.21,1558.42,1558.42,621.68,1243.36,1243.36,591.62,1183.24,1183.24,696.32,1392.63,1392.63
Real Travel Insurance,Comprehensive,300,days,329,days,60,69,1188.05,2376.11,2376.11,905.10,1810.20,1810.20,839.33,1678.66,1678.66,673.39,1346.79,1346.79,642.13,1284.25,1284.25,755.76,1511.52,1511.52
Real Travel Insurance,Comprehensive,330,days,366,days,60,69,1254.18,2508.37,2508.37,959.03,1918.06,1918.06,886.22,1772.44,1772.44,711.86,1423.73,1423.73,680.60,1361.19,1361.19,801.04,1602.07,1602.07
Real Travel Insurance,Comprehensive,3,days,3,days,70,74,60.38,120.77,120.77,53.83,107.66,107.66,48.32,96.63,96.63,44.86,89.72,89.72,44.86,89.72,89.72,52.80,105.60,105.60
Real Travel Insurance,Comprehensive,4,days,4,days,70,74,82.82,165.64,165.64,70.65,141.30,141.30,63.84,127.68,127.68,60.38,120.77,120.77,60.38,120.77,120.77,71.07,142.14,142.14
Real Travel Insurance,Comprehensive,5,days,5,days,70,74,103.51,207.03,207.03,87.47,174.94,174.94,79.36,158.72,158.72,77.63,155.27,155.27,65.56,131.11,131.11,77.16,154.32,154.32
Real Travel Insurance,Comprehensive,6,days,6,days,70,74,119.05,238.09,238.09,104.30,208.60,208.60,89.71,179.42,179.42,82.82,165.64,165.64,67.29,134.57,134.57,79.19,158.38,158.38
Real Travel Insurance,Comprehensive,7,days,7,days,70,74,134.57,269.14,269.14,116.07,232.15,232.15,103.51,207.03,207.03,87.98,175.96,175.96,72.45,144.90,144.90,85.27,170.54,170.54
Real Travel Insurance,Comprehensive,8,days,8,days,70,74,143.20,286.40,286.40,121.12,242.23,242.23,106.96,213.92,213.92,89.71,179.42,179.42,74.19,148.37,148.37,87.32,174.63,174.63
Real Travel Insurance,Comprehensive,9,days,9,days,70,74,134.57,269.14,269.14,129.53,259.05,259.05,112.15,224.29,224.29,93.17,186.33,186.33,77.63,155.27,155.27,91.37,182.74,182.74
Real Travel Insurance,Comprehensive,10,days,10,days,70,74,141.47,282.94,282.94,134.57,269.14,269.14,117.33,234.66,234.66,94.89,189.79,189.79,79.36,158.72,158.72,93.41,186.81,186.81
Real Travel Insurance,Comprehensive,11,days,11,days,70,74,148.38,296.77,296.77,139.61,279.23,279.23,122.49,244.99,244.99,98.35,196.70,196.70,81.09,162.18,162.18,95.44,190.88,190.88
Real Travel Insurance,Comprehensive,12,days,12,days,70,74,157.00,313.99,313.99,148.03,296.07,296.07,127.68,255.36,255.36,100.07,200.14,200.14,84.55,169.09,169.09,99.51,199.01,199.01
Real Travel Insurance,Comprehensive,13,days,13,days,70,74,165.63,331.25,331.25,153.08,306.15,306.15,129.40,258.79,258.79,103.51,207.03,207.03,86.26,172.53,172.53,101.53,203.06,203.06
Real Travel Insurance,Comprehensive,14,days,14,days,70,74,172.53,345.06,345.06,159.80,319.60,319.60,134.57,269.14,269.14,106.96,213.92,213.92,87.98,175.96,175.96,103.55,207.10,207.10
Real Travel Insurance,Comprehensive,15,days,15,days,70,74,177.71,355.42,355.42,163.17,326.35,326.35,141.47,282.94,282.94,108.70,217.40,217.40,91.44,182.88,182.88,107.62,215.24,215.24
Real Travel Insurance,Comprehensive,16,days,16,days,70,74,181.15,362.30,362.30,168.21,336.42,336.42,143.20,286.40,286.40,112.15,224.29,224.29,106.96,213.92,213.92,125.89,251.78,251.78
Real Travel Insurance,Comprehensive,17,days,17,days,70,74,188.06,376.12,376.12,173.26,346.52,346.52,148.38,296.77,296.77,113.87,227.75,227.75,108.70,217.40,217.40,127.93,255.87,255.87
Real Travel Insurance,Comprehensive,18,days,18,days,70,74,220.83,441.67,441.67,178.32,356.63,356.63,151.82,303.64,303.64,119.05,238.09,238.09,112.15,224.29,224.29,131.99,263.98,263.98
Real Travel Insurance,Comprehensive,19,days,19,days,70,74,226.02,452.04,452.04,181.67,363.34,363.34,157.00,313.99,313.99,122.49,244.99,244.99,113.87,227.75,227.75,134.02,268.05,268.05
Real Travel Insurance,Comprehensive,20,days,20,days,70,74,231.18,462.37,462.37,186.72,373.45,373.45,158.73,317.47,317.47,124.22,248.44,248.44,117.33,234.66,234.66,138.09,276.18,276.18
Real Travel Insurance,Comprehensive,21,days,21,days,70,74,238.09,476.19,476.19,191.77,383.54,383.54,163.91,327.82,327.82,127.68,255.36,255.36,119.05,238.09,238.09,140.11,280.23,280.23
Real Travel Insurance,Comprehensive,22,days,22,days,70,74,244.99,489.97,489.97,196.81,393.62,393.62,167.34,334.69,334.69,129.40,258.79,258.79,122.49,244.99,244.99,144.17,288.34,288.34
Real Travel Insurance,Comprehensive,23,days,23,days,70,74,250.17,500.34,500.34,201.86,403.71,403.71,172.53,345.06,345.06,132.85,265.70,265.70,124.22,248.44,248.44,146.20,292.41,292.41
Real Travel Insurance,Comprehensive,24,days,24,days,70,74,257.06,514.13,514.13,206.91,413.82,413.82,175.98,351.97,351.97,134.57,269.14,269.14,127.68,255.36,255.36,150.27,300.54,300.54
Real Travel Insurance,Comprehensive,25,days,25,days,70,74,262.24,524.48,524.48,211.95,423.91,423.91,181.15,362.30,362.30,138.02,276.03,276.03,129.40,258.79,258.79,152.29,304.59,304.59
Real Travel Insurance,Comprehensive,26,days,26,days,70,74,267.41,534.82,534.82,217.01,434.01,434.01,182.88,365.75,365.75,141.47,282.94,282.94,134.57,269.14,269.14,158.38,316.77,316.77
Real Travel Insurance,Comprehensive,27,days,27,days,70,74,272.60,545.19,545.19,222.04,444.08,444.08,188.06,376.12,376.12,143.20,286.40,286.40,138.02,276.03,276.03,162.44,324.88,324.88
Real Travel Insurance,Comprehensive,28,days,28,days,70,74,281.22,562.43,562.43,227.09,454.19,454.19,191.51,383.01,383.01,146.65,293.29,293.29,141.47,282.94,282.94,166.51,333.02,333.02
Real Travel Insurance,Comprehensive,29,days,29,days,70,74,289.86,579.71,579.71,232.14,464.27,464.27,196.67,393.34,393.34,148.38,296.77,296.77,143.20,286.40,286.40,168.54,337.08,337.08
Real Travel Insurance,Comprehensive,30,days,30,days,70,74,296.75,593.50,593.50,240.55,481.09,481.09,201.86,403.71,403.71,153.55,307.10,307.10,148.38,296.77,296.77,174.64,349.29,349.29
Real Travel Insurance,Comprehensive,31,days,31,days,70,74,305.38,610.76,610.76,245.60,491.20,491.20,207.03,414.06,414.06,157.00,313.99,313.99,151.82,303.64,303.64,178.69,357.38,357.38
Real Travel Insurance,Comprehensive,32,days,32,days,70,74,314.01,628.02,628.02,254.01,508.02,508.02,212.21,424.43,424.43,162.18,324.36,324.36,153.55,307.10,307.10,180.72,361.44,361.44
Real Travel Insurance,Comprehensive,33,days,33,days,70,74,320.90,641.81,641.81,259.05,518.11,518.11,217.38,434.76,434.76,163.91,327.82,327.82,158.73,317.47,317.47,186.82,373.65,373.65
Real Travel Insurance,Comprehensive,34,days,34,days,70,74,329.53,659.07,659.07,264.10,528.19,528.19,222.56,445.12,445.12,169.08,338.16,338.16,162.18,324.36,324.36,190.88,381.76,381.76
Real Travel Insurance,Comprehensive,35,days,35,days,70,74,336.44,672.87,672.87,272.52,545.03,545.03,227.75,455.49,455.49,172.53,345.06,345.06,163.91,327.82,327.82,192.91,385.83,385.83
Real Travel Insurance,Comprehensive,36,days,42,days,70,74,400.27,800.55,800.55,339.80,679.60,679.60,286.40,572.80,572.80,226.02,452.04,452.04,217.38,434.76,434.76,255.85,511.69,511.69
Real Travel Insurance,Comprehensive,43,days,49,days,70,74,439.95,879.90,879.90,370.07,740.15,740.15,324.35,648.70,648.70,246.72,493.43,493.43,241.54,483.08,483.08,284.28,568.57,568.57
Real Travel Insurance,Comprehensive,50,days,56,days,70,74,503.79,1007.58,1007.58,408.76,817.53,817.53,348.51,697.02,697.02,272.60,545.19,545.19,262.24,524.48,524.48,308.64,617.29,617.29
Real Travel Insurance,Comprehensive,57,days,63,days,70,74,531.39,1062.78,1062.78,432.31,864.63,864.63,379.57,759.13,759.13,301.92,603.85,603.85,291.57,583.13,583.13,343.16,686.32,686.32
Real Travel Insurance,Comprehensive,64,days,70,days,70,74,581.42,1162.85,1162.85,471.01,942.01,942.01,414.08,828.16,828.16,320.90,641.81,641.81,305.38,610.76,610.76,359.42,718.84,718.84
Real Travel Insurance,Comprehensive,71,days,77,days,70,74,640.08,1280.15,1280.15,486.14,972.27,972.27,457.20,914.40,914.40,353.70,707.39,707.39,339.88,679.76,679.76,400.03,800.06,800.06
Real Travel Insurance,Comprehensive,78,days,84,days,70,74,650.44,1300.87,1300.87,496.23,992.47,992.47,467.55,935.10,935.10,379.57,759.13,759.13,364.04,728.09,728.09,428.47,856.93,856.93
Real Travel Insurance,Comprehensive,85,days,90,days,70,74,655.61,1311.22,1311.22,501.29,1002.57,1002.57,472.72,945.45,945.45,393.36,786.72,786.72,374.39,748.79,748.79,440.65,881.29,881.29
Real Travel Insurance,Comprehensive,91,days,119,days,70,74,790.19,1580.38,1580.38,605.58,1211.15,1211.15,571.07,1142.15,1142.15,445.13,890.27,890.27,427.87,855.75,855.75,503.59,1007.18,1007.18
Real Travel Insurance,Comprehensive,120,days,149,days,70,74,921.30,1842.61,1842.61,703.14,1406.29,1406.29,655.61,1311.22,1311.22,517.58,1035.17,1035.17,496.88,993.75,993.75,584.81,1169.61,1169.61
Real Travel Insurance,Comprehensive,150,days,179,days,70,74,1059.33,2118.66,2118.66,807.44,1614.88,1614.88,753.95,1507.90,1507.90,572.80,1145.60,1145.60,571.07,1142.15,1142.15,672.13,1344.27,1344.27
Real Travel Insurance,Comprehensive,180,days,209,days,70,74,1202.53,2405.06,2405.06,918.46,1836.92,1836.92,862.64,1725.28,1725.28,681.49,1362.98,1362.98,650.44,1300.87,1300.87,765.54,1531.08,1531.08
Real Travel Insurance,Comprehensive,210,days,239,days,70,74,1325.02,2650.05,2650.05,1009.30,2018.59,2018.59,947.19,1894.37,1894.37,750.50,1501.01,1501.01,719.44,1438.88,1438.88,846.75,1693.51,1693.51
Real Travel Insurance,Comprehensive,240,days,269,days,70,74,1457.87,2915.73,2915.73,1110.22,2220.44,2220.44,1040.35,2080.70,2080.70,828.14,1656.28,1656.28,785.01,1570.01,1570.01,923.92,1847.85,1847.85
Real Travel Insurance,Comprehensive,270,days,299,days,70,74,1582.09,3164.18,3164.18,1206.10,2412.20,2412.20,1117.99,2235.97,2235.97,891.98,1783.95,1783.95,848.83,1697.67,1697.67,999.05,1998.09,1998.09
Real Travel Insurance,Comprehensive,300,days,329,days,70,74,1704.59,3409.18,3409.18,1298.63,2597.26,2597.26,1204.25,2408.50,2408.50,966.16,1932.33,1932.33,921.30,1842.61,1842.61,1084.34,2168.68,2168.68
Real Travel Insurance,Comprehensive,330,days,366,days,70,74,1799.48,3598.95,3598.95,1376.00,2752.01,2752.01,1271.54,2543.09,2543.09,1021.37,2042.75,2042.75,976.51,1953.03,1953.03,1149.32,2298.64,2298.64
Real Travel Insurance,Comprehensive,3,days,3,days,75,79,118.94,237.87,237.87,106.04,212.07,212.07,95.16,190.31,190.31,88.35,176.71,176.71,88.35,176.71,176.71,103.99,207.98,207.98
Real Travel Insurance,Comprehensive,4,days,4,days,75,79,163.11,326.23,326.23,139.15,278.30,278.30,125.74,251.48,251.48,118.94,237.87,237.87,118.94,237.87,237.87,139.98,279.97,279.97
Real Travel Insurance,Comprehensive,5,days,5,days,75,79,203.89,407.79,407.79,172.30,344.59,344.59,156.33,312.66,312.66,152.92,305.83,305.83,129.14,258.29,258.29,152.00,304.00,304.00
Real Travel Insurance,Comprehensive,6,days,6,days,75,79,234.48,468.96,468.96,205.42,410.84,410.84,176.72,353.44,353.44,163.11,326.23,326.23,132.53,265.06,265.06,155.98,311.97,311.97
Real Travel Insurance,Comprehensive,7,days,7,days,75,79,265.06,530.12,530.12,228.62,457.24,457.24,203.89,407.79,407.79,173.32,346.64,346.64,142.73,285.46,285.46,167.99,335.97,335.97
Real Travel Insurance,Comprehensive,8,days,8,days,75,79,282.06,564.12,564.12,238.56,477.11,477.11,210.70,421.39,421.39,176.72,353.44,353.44,146.12,292.25,292.25,171.98,343.97,343.97
Real Travel Insurance,Comprehensive,9,days,9,days,75,79,265.06,530.12,530.12,255.12,510.25,510.25,220.89,441.79,441.79,183.51,367.02,367.02,152.92,305.83,305.83,179.98,359.95,359.95
Real Travel Insurance,Comprehensive,10,days,10,days,75,79,278.65,557.31,557.31,265.06,530.12,530.12,231.08,462.16,462.16,186.91,373.81,373.81,156.33,312.66,312.66,184.00,367.99,367.99
Real Travel Insurance,Comprehensive,11,days,11,days,75,79,292.26,584.52,584.52,275.00,550.00,550.00,241.28,482.56,482.56,193.71,387.41,387.41,159.72,319.44,319.44,187.98,375.96,375.96
Real Travel Insurance,Comprehensive,12,days,12,days,75,79,309.25,618.50,618.50,291.57,583.13,583.13,251.47,502.94,502.94,197.10,394.21,394.21,166.52,333.04,333.04,195.99,391.98,391.98
Real Travel Insurance,Comprehensive,13,days,13,days,75,79,326.24,652.48,652.48,301.51,603.02,603.02,254.88,509.77,509.77,203.89,407.79,407.79,169.91,339.81,339.81,199.97,399.95,399.95
Real Travel Insurance,Comprehensive,14,days,14,days,75,79,339.83,679.66,679.66,314.76,629.53,629.53,265.06,530.12,530.12,210.70,421.39,421.39,173.32,346.64,346.64,203.99,407.99,407.99
Real Travel Insurance,Comprehensive,15,days,15,days,75,79,350.02,700.04,700.04,321.40,642.79,642.79,278.65,557.31,557.31,214.09,428.19,428.19,180.10,360.21,360.21,211.97,423.95,423.95
Real Travel Insurance,Comprehensive,16,days,16,days,75,79,356.82,713.64,713.64,331.33,662.66,662.66,282.06,564.12,564.12,220.89,441.79,441.79,210.70,421.39,421.39,247.98,495.96,495.96
Real Travel Insurance,Comprehensive,17,days,17,days,75,79,370.42,740.85,740.85,341.27,682.54,682.54,292.26,584.52,584.52,224.29,448.58,448.58,214.09,428.19,428.19,251.98,503.96,503.96
Real Travel Insurance,Comprehensive,18,days,18,days,75,79,434.99,869.97,869.97,351.20,702.41,702.41,299.05,598.10,598.10,234.48,468.96,468.96,220.89,441.79,441.79,259.98,519.97,519.97
Real Travel Insurance,Comprehensive,19,days,19,days,75,79,445.17,890.35,890.35,357.85,715.69,715.69,309.25,618.50,618.50,241.28,482.56,482.56,224.29,448.58,448.58,263.98,527.96,527.96
Real Travel Insurance,Comprehensive,20,days,20,days,75,79,455.37,910.74,910.74,367.77,735.54,735.54,312.64,625.29,625.29,244.69,489.37,489.37,231.08,462.16,462.16,271.98,543.95,543.95
Real Travel Insurance,Comprehensive,21,days,21,days,75,79,468.97,937.93,937.93,377.72,755.44,755.44,322.84,645.68,645.68,251.47,502.94,502.94,234.48,468.96,468.96,275.97,551.94,551.94
Real Travel Insurance,Comprehensive,22,days,22,days,75,79,482.56,965.12,965.12,387.66,775.31,775.31,329.63,659.27,659.27,254.88,509.77,509.77,241.28,482.56,482.56,283.98,567.95,567.95
Real Travel Insurance,Comprehensive,23,days,23,days,75,79,492.75,985.49,985.49,397.60,795.20,795.20,339.83,679.66,679.66,261.67,523.33,523.33,244.69,489.37,489.37,287.99,575.97,575.97
Real Travel Insurance,Comprehensive,24,days,24,days,75,79,506.34,1012.68,1012.68,407.54,815.08,815.08,346.62,693.25,693.25,265.06,530.12,530.12,251.47,502.94,502.94,295.97,591.94,591.94
Real Travel Insurance,Comprehensive,25,days,25,days,75,79,516.55,1033.10,1033.10,417.47,834.95,834.95,356.82,713.64,713.64,271.87,543.75,543.75,254.88,509.77,509.77,299.99,599.98,599.98
Real Travel Insurance,Comprehensive,26,days,26,days,75,79,526.73,1053.45,1053.45,427.41,854.82,854.82,360.23,720.45,720.45,278.65,557.31,557.31,265.06,530.12,530.12,311.97,623.93,623.93
Real Travel Insurance,Comprehensive,27,days,27,days,75,79,536.92,1073.85,1073.85,437.36,874.72,874.72,370.42,740.85,740.85,282.06,564.12,564.12,271.87,543.75,543.75,319.98,639.97,639.97
Real Travel Insurance,Comprehensive,28,days,28,days,75,79,553.92,1107.85,1107.85,447.29,894.59,894.59,377.21,754.41,754.41,288.86,577.73,577.73,278.65,557.31,557.31,327.97,655.93,655.93
Real Travel Insurance,Comprehensive,29,days,29,days,75,79,570.91,1141.83,1141.83,457.24,914.48,914.48,387.41,774.83,774.83,292.26,584.52,584.52,282.06,564.12,564.12,331.98,663.95,663.95
Real Travel Insurance,Comprehensive,30,days,30,days,75,79,584.51,1169.01,1169.01,473.81,947.62,947.62,397.60,795.20,795.20,302.46,604.91,604.91,292.26,584.52,584.52,343.98,687.95,687.95
Real Travel Insurance,Comprehensive,31,days,31,days,75,79,601.51,1203.01,1203.01,483.75,967.49,967.49,407.80,815.60,815.60,309.25,618.50,618.50,299.05,598.10,598.10,351.97,703.94,703.94
Real Travel Insurance,Comprehensive,32,days,32,days,75,79,618.50,1236.99,1236.99,500.32,1000.65,1000.65,418.00,835.99,835.99,319.45,638.89,638.89,302.46,604.91,604.91,355.98,711.96,711.96
Real Travel Insurance,Comprehensive,33,days,33,days,75,79,632.09,1264.18,1264.18,510.26,1020.52,1020.52,428.19,856.37,856.37,322.84,645.68,645.68,312.64,625.29,625.29,367.97,735.94,735.94
Real Travel Insurance,Comprehensive,34,days,34,days,75,79,649.08,1298.16,1298.16,520.20,1040.39,1040.39,438.38,876.77,876.77,333.02,666.04,666.04,319.45,638.89,638.89,375.98,751.95,751.95
Real Travel Insurance,Comprehensive,35,days,35,days,75,79,662.67,1325.35,1325.35,536.76,1073.53,1073.53,448.56,897.12,897.12,339.83,679.66,679.66,322.84,645.68,645.68,379.97,759.95,759.95
Real Travel Insurance,Comprehensive,36,days,42,days,75,79,788.40,1576.80,1576.80,669.29,1338.59,1338.59,564.13,1128.26,1128.26,445.17,890.35,890.35,428.19,856.37,856.37,503.96,1007.92,1007.92
Real Travel Insurance,Comprehensive,43,days,49,days,75,79,866.57,1733.14,1733.14,728.94,1457.89,1457.89,638.88,1277.76,1277.76,485.97,971.93,971.93,475.77,951.54,951.54,559.96,1119.92,1119.92
Real Travel Insurance,Comprehensive,50,days,56,days,75,79,992.31,1984.61,1984.61,805.15,1610.30,1610.30,686.45,1372.91,1372.91,536.92,1073.85,1073.85,516.55,1033.10,1033.10,607.96,1215.92,1215.92
Real Travel Insurance,Comprehensive,57,days,63,days,75,79,1046.67,2093.34,2093.34,851.53,1703.06,1703.06,747.63,1495.26,1495.26,594.69,1189.39,1189.39,574.31,1148.62,1148.62,675.94,1351.88,1351.88
Real Travel Insurance,Comprehensive,64,days,70,days,75,79,1145.22,2290.45,2290.45,927.73,1855.47,1855.47,815.59,1631.18,1631.18,632.09,1264.18,1264.18,601.51,1203.01,1203.01,707.95,1415.90,1415.90
Real Travel Insurance,Comprehensive,71,days,77,days,75,79,1260.76,2521.53,2521.53,957.55,1915.11,1915.11,900.55,1801.09,1801.09,696.65,1393.30,1393.30,669.46,1338.93,1338.93,787.94,1575.87,1575.87
Real Travel Insurance,Comprehensive,78,days,84,days,75,79,1281.15,2562.30,2562.30,977.44,1954.87,1954.87,920.93,1841.87,1841.87,747.63,1495.26,1495.26,717.05,1434.10,1434.10,843.94,1687.88,1687.88
Real Travel Insurance,Comprehensive,85,days,90,days,75,79,1291.35,2582.69,2582.69,987.38,1974.77,1974.77,931.13,1862.26,1862.26,774.81,1549.62,1549.62,737.43,1474.87,1474.87,867.93,1735.86,1735.86
Real Travel Insurance,Comprehensive,91,days,119,days,75,79,1556.42,3112.84,3112.84,1192.80,2385.59,2385.59,1124.84,2249.67,2249.67,876.77,1753.53,1753.53,842.79,1685.57,1685.57,991.93,1983.86,1983.86
Real Travel Insurance,Comprehensive,120,days,149,days,75,79,1814.69,3629.38,3629.38,1384.98,2769.95,2769.95,1291.35,2582.69,2582.69,1019.48,2038.97,2038.97,978.71,1957.43,1957.43,1151.91,2303.82,2303.82
Real Travel Insurance,Comprehensive,150,days,179,days,75,79,2086.56,4173.12,4173.12,1590.40,3180.79,3180.79,1485.05,2970.11,2970.11,1128.23,2256.47,2256.47,1124.84,2249.67,2249.67,1323.89,2647.78,2647.78
Real Travel Insurance,Comprehensive,180,days,209,days,75,79,2368.61,4737.22,4737.22,1809.08,3618.16,3618.16,1699.15,3398.29,3398.29,1342.33,2684.65,2684.65,1281.15,2562.30,2562.30,1507.86,3015.73,3015.73
Real Travel Insurance,Comprehensive,210,days,239,days,75,79,2609.89,5219.78,5219.78,1988.01,3976.02,3976.02,1865.66,3731.31,3731.31,1478.26,2956.52,2956.52,1417.10,2834.19,2834.19,1667.87,3335.74,3335.74
Real Travel Insurance,Comprehensive,240,days,269,days,75,79,2871.56,5743.11,5743.11,2186.80,4373.60,4373.60,2049.19,4098.37,4098.37,1631.19,3262.38,3262.38,1546.23,3092.46,3092.46,1819.86,3639.71,3639.71
Real Travel Insurance,Comprehensive,270,days,299,days,75,79,3116.24,6232.49,6232.49,2375.66,4751.33,4751.33,2202.10,4404.20,4404.20,1756.93,3513.85,3513.85,1671.96,3343.92,3343.92,1967.83,3935.67,3935.67
Real Travel Insurance,Comprehensive,300,days,329,days,75,79,3357.52,6715.05,6715.05,2557.90,5115.80,5115.80,2372.01,4744.02,4744.02,1903.05,3806.10,3806.10,1814.69,3629.38,3629.38,2135.82,4271.64,4271.64
Real Travel Insurance,Comprehensive,330,days,366,days,75,79,3544.42,7088.84,7088.84,2710.30,5420.60,5420.60,2504.54,5009.08,5009.08,2011.78,4023.56,4023.56,1923.45,3846.89,3846.89,2263.83,4527.65,4527.65
Real Travel Insurance,Annual Multi Trip,1,Days,365,Days,18,49,301.41,401.88,401.88,,,,,,,,,,,,,,,
Real Travel Insurance,Annual Multi Trip,1,Days,365,Days,50,59,301.41,401.88,401.88,,,,,,,,,,,,,,,
Real Travel Insurance,Annual Multi Trip,1,Days,365,Days,60,69,301.41,401.88,401.88,,,,,,,,,,,,,,,
Real Travel Insurance,Annual Multi Trip,1,Days,365,Days,70,74,301.41,401.88,401.88,,,,,,,,,,,,,,,
Real Travel Insurance,Annual Multi Trip,1,Days,365,Days,75,79,301.41,401.88,401.88,,,,,,,,,,,,,,,
