POLICY,,DURATION,,,,AGE GROUP,,PRICING,,,,,,,,,,,,,,,,,,,,
,,,,,,,,,,,,,,,,,,,,,,,,,,,,
INSURER NAME,POLICY NAME,MINIMUM VALUE,UNIT,MAXIMUM VALUE,UNIT,AGE MINIMUM,AGE MAXIMUM,,REGION 1,,,REGION 2,,,REGION 3,,,REGION 4,,,REGION 5,,,REGION 6,,,REGION 7,
,,,,,,,,SINGLE,DUO,FAMILY,SINGLE,DUO,FAMILY,SINGLE,DUO,FAMILY,SINGLE,DUO,FAMILY,SINGLE,DUO,FAMILY,SINGLE,DUO,FAMILY,SINGLE,DUO,FAMILY
Webjet,Comprehensive Cover,1,Days,3,Days,16,75,72.69,138.11,145.38,57.44,109.14,114.88,51.06,97.01,102.12,42.12,80.04,84.25,40.42,76.8,80.84,,,,,,
Webjet,Comprehensive Cover,4,Days,4,Days,16,75,76.68,145.68,153.35,60.59,115.12,121.18,53.86,102.33,107.72,44.43,84.42,88.87,42.64,81.01,85.28,,,,,,
Webjet,Comprehensive Cover,5,Days,5,Days,16,75,80.65,153.24,161.31,63.74,121.1,127.47,56.65,107.64,113.31,46.74,88.81,93.48,44.85,85.22,89.7,,,,,,
Webjet,Comprehensive Cover,6,Days,6,Days,16,75,84.63,160.79,169.25,66.88,127.06,133.75,59.44,112.94,118.89,49.04,93.18,98.08,47.06,89.41,94.12,,,,,,
Webjet,Comprehensive Cover,7,Days,7,Days,16,75,88.59,168.32,177.18,70.01,133.02,140.02,62.23,118.24,124.46,51.34,97.54,102.68,49.26,93.6,98.53,,,,,,
Webjet,Comprehensive Cover,8,Days,8,Days,16,75,92.55,175.84,185.09,73.13,138.96,146.27,65.01,123.52,130.02,53.63,101.9,107.26,51.47,97.78,102.93,,,,,,
Webjet,Comprehensive Cover,9,Days,9,Days,16,75,96.5,183.34,192.99,76.26,144.89,152.51,67.78,128.79,135.57,55.92,106.25,111.84,53.66,101.96,107.32,,,,,,
Webjet,Comprehensive Cover,10,Days,10,Days,16,75,100.44,190.83,200.88,79.37,150.8,158.74,70.55,134.05,141.1,58.2,110.59,116.41,55.85,106.12,111.71,,,,,,
Webjet,Comprehensive Cover,11,Days,11,Days,16,75,104.37,198.31,208.74,82.48,156.71,164.96,73.31,139.3,146.63,60.48,114.92,120.97,58.04,110.28,116.08,,,,,,
Webjet,Comprehensive Cover,12,Days,12,Days,16,75,108.3,205.77,216.6,85.58,162.61,171.16,76.07,144.54,152.15,62.76,119.24,125.52,60.22,114.43,120.45,,,,,,
Webjet,Comprehensive Cover,13,Days,13,Days,16,75,112.22,213.21,224.44,88.68,168.49,177.36,78.83,149.77,157.65,65.03,123.56,130.06,62.4,118.57,124.81,,,,,,
Webjet,Comprehensive Cover,14,Days,14,Days,16,75,116.13,220.65,232.26,91.77,174.36,183.54,81.57,154.99,163.15,67.3,127.87,134.6,64.58,122.7,129.16,,,,,,
Webjet,Comprehensive Cover,15,Days,15,Days,16,75,120.03,228.06,240.07,94.86,180.23,189.71,84.32,160.2,168.63,69.56,132.17,139.12,66.75,126.83,133.5,,,,,,
Webjet,Comprehensive Cover,16,Days,16,Days,16,75,123.93,235.47,247.86,97.93,186.08,195.87,87.05,165.4,174.11,71.82,136.46,143.64,68.92,130.94,137.83,,,,,,
Webjet,Comprehensive Cover,17,Days,17,Days,16,75,127.82,242.86,255.64,101.01,191.92,202.02,89.79,170.59,179.57,74.07,140.74,148.15,71.08,135.05,142.16,,,,,,
Webjet,Comprehensive Cover,18,Days,18,Days,16,75,131.7,250.23,263.4,104.08,197.74,208.15,92.51,175.77,185.02,76.32,145.01,152.64,73.24,139.15,146.48,,,,,,
Webjet,Comprehensive Cover,19,Days,19,Days,16,75,135.57,257.59,271.15,107.14,203.56,214.27,95.23,180.94,190.47,78.57,149.28,157.13,75.39,143.25,150.79,,,,,,
Webjet,Comprehensive Cover,20,Days,20,Days,16,75,139.44,264.94,278.88,110.19,209.37,220.39,97.95,186.1,195.9,80.81,153.53,161.62,77.54,147.33,155.09,,,,,,
Webjet,Comprehensive Cover,21,Days,21,Days,16,75,143.3,272.27,286.6,113.24,215.16,226.48,100.66,191.25,201.32,83.04,157.78,166.09,79.69,151.41,159.38,,,,,,
Webjet,Comprehensive Cover,22,Days,22,Days,16,75,147.15,279.59,294.3,116.29,220.94,232.57,103.37,196.39,206.73,85.28,162.02,170.55,81.83,155.48,163.66,,,,,,
Webjet,Comprehensive Cover,23,Days,23,Days,16,75,151,286.89,301.99,119.32,226.71,238.65,106.07,201.52,212.13,87.5,166.26,175.01,83.97,159.54,167.94,,,,,,
Webjet,Comprehensive Cover,24,Days,24,Days,16,75,154.83,294.18,309.66,122.36,232.47,244.71,108.76,206.64,217.52,89.73,170.48,179.45,86.1,163.59,172.2,,,,,,
Webjet,Comprehensive Cover,25,Days,25,Days,16,75,158.66,301.46,317.32,125.38,238.22,250.76,111.45,211.75,222.9,91.95,174.7,183.89,88.23,167.64,176.46,,,,,,
Webjet,Comprehensive Cover,26,Days,26,Days,16,75,162.48,308.72,324.97,128.4,243.96,256.8,114.13,216.85,228.27,94.16,178.91,188.32,90.36,171.68,180.71,,,,,,
Webjet,Comprehensive Cover,27,Days,27,Days,16,75,166.3,315.96,332.59,131.41,249.69,262.83,116.81,221.94,233.63,96.37,183.1,192.74,92.48,175.71,184.95,,,,,,
Webjet,Comprehensive Cover,28,Days,28,Days,16,75,170.1,323.2,340.21,134.42,255.4,268.85,119.49,227.03,238.97,98.58,187.3,197.15,94.59,179.73,189.19,,,,,,
Webjet,Comprehensive Cover,29,Days,29,Days,16,75,173.9,330.41,347.8,137.42,261.11,274.85,122.16,232.1,244.31,100.78,191.48,201.56,96.71,183.74,193.41,,,,,,
Webjet,Comprehensive Cover,30,Days,30,Days,16,75,177.69,337.62,355.39,140.42,266.8,280.84,124.82,237.16,249.64,102.98,195.65,205.95,98.81,187.75,197.63,,,,,,
Webjet,Comprehensive Cover,31,Days,31,Days,16,75,181.48,344.81,362.95,143.41,272.48,286.82,127.48,242.21,254.95,105.17,199.82,210.34,100.92,191.75,201.84,,,,,,
Webjet,Comprehensive Cover,32,Days,32,Days,16,75,185.25,351.98,370.51,146.4,278.15,292.79,130.13,247.25,260.26,107.36,203.98,214.71,103.02,195.74,206.04,,,,,,
Webjet,Comprehensive Cover,33,Days,33,Days,16,75,189.02,359.14,378.04,149.37,283.81,298.75,132.78,252.28,265.55,109.54,208.13,219.08,105.11,199.72,210.23,,,,,,
Webjet,Comprehensive Cover,34,Days,34,Days,16,75,192.78,366.29,385.57,152.35,289.46,304.69,135.42,257.3,270.84,111.72,212.27,223.44,107.21,203.69,214.41,,,,,,
Webjet,Comprehensive Cover,35,Days,35,Days,16,75,196.54,373.42,393.07,155.31,295.09,310.63,138.06,262.31,276.11,113.9,216.4,227.79,109.29,207.66,218.59,,,,,,
Webjet,Comprehensive Cover,36,Days,36,Days,16,75,200.28,380.54,400.57,158.27,300.72,316.55,140.69,267.31,281.37,116.07,220.53,232.13,111.38,211.62,222.75,,,,,,
Webjet,Comprehensive Cover,37,Days,37,Days,16,75,204.02,387.64,408.05,161.23,306.33,322.46,143.31,272.3,286.63,118.23,224.64,236.47,113.46,215.57,226.91,,,,,,
Webjet,Comprehensive Cover,38,Days,38,Days,16,75,207.75,394.73,415.51,164.18,311.93,328.35,145.93,277.28,291.87,120.4,228.75,240.79,115.53,219.51,231.06,,,,,,
Webjet,Comprehensive Cover,39,Days,39,Days,16,75,211.48,401.81,422.96,167.12,317.53,334.24,148.55,282.25,297.1,122.55,232.85,245.11,117.6,223.44,235.2,,,,,,
Webjet,Comprehensive Cover,40,Days,40,Days,16,75,215.19,408.87,430.39,170.06,323.11,340.11,151.16,287.21,302.32,124.71,236.94,249.42,119.67,227.37,239.34,,,,,,
Webjet,Comprehensive Cover,41,Days,41,Days,16,75,218.9,415.92,437.81,172.99,328.67,345.97,153.77,292.15,307.53,126.86,241.03,253.71,121.73,231.29,243.46,,,,,,
Webjet,Comprehensive Cover,42,Days,42,Days,16,75,222.6,422.95,445.21,175.91,334.23,351.82,156.37,297.09,312.73,129,245.1,258,123.79,235.2,247.58,,,,,,
Webjet,Comprehensive Cover,43,Days,43,Days,16,75,226.3,429.97,452.6,178.83,339.78,357.66,158.96,302.02,317.92,131.14,249.17,262.28,125.84,239.1,251.69,,,,,,
Webjet,Comprehensive Cover,44,Days,44,Days,16,75,229.98,436.97,459.97,181.74,345.31,363.49,161.55,306.94,323.1,133.28,253.23,266.56,127.89,243,255.79,,,,,,
Webjet,Comprehensive Cover,45,Days,45,Days,16,75,233.66,443.96,467.33,184.65,350.84,369.3,164.13,311.85,328.27,135.41,257.28,270.82,129.94,246.88,259.88,,,,,,
Webjet,Comprehensive Cover,46,Days,46,Days,16,75,237.33,450.93,474.67,187.55,356.35,375.1,166.71,316.75,333.42,137.54,261.32,275.08,131.98,250.76,263.96,,,,,,
Webjet,Comprehensive Cover,47,Days,47,Days,16,75,241,457.9,481.99,190.45,361.85,380.89,169.29,321.64,338.57,139.66,265.36,279.32,134.02,254.63,268.04,,,,,,
Webjet,Comprehensive Cover,48,Days,48,Days,16,75,244.65,464.84,489.31,193.34,367.34,386.67,171.85,326.52,343.71,141.78,269.38,283.56,136.05,258.5,272.1,,,,,,
Webjet,Comprehensive Cover,49,Days,49,Days,16,75,248.3,471.77,496.6,196.22,372.82,392.44,174.42,331.39,348.83,143.89,273.4,287.79,138.08,262.35,276.16,,,,,,
Webjet,Comprehensive Cover,50,Days,50,Days,16,75,251.94,478.69,503.89,199.1,378.28,398.19,176.97,336.25,353.95,146,277.41,292.01,140.11,266.2,280.21,,,,,,
Webjet,Comprehensive Cover,51,Days,51,Days,16,75,255.58,485.6,511.15,201.97,383.74,403.94,179.53,341.1,359.05,148.11,281.41,296.22,142.13,270.04,284.25,,,,,,
Webjet,Comprehensive Cover,52,Days,52,Days,16,75,259.2,492.49,518.41,204.83,389.18,409.67,182.07,345.94,364.15,150.21,285.4,300.42,144.14,273.87,288.28,,,,,,
Webjet,Comprehensive Cover,53,Days,53,Days,16,75,262.82,499.36,525.64,207.69,394.62,415.39,184.62,350.77,369.23,152.31,289.39,304.62,146.15,277.69,292.31,,,,,,
Webjet,Comprehensive Cover,54,Days,54,Days,16,75,266.43,506.22,532.87,210.55,400.04,421.09,187.15,355.59,374.31,154.4,293.36,308.8,148.16,281.51,296.33,,,,,,
Webjet,Comprehensive Cover,55,Days,55,Days,16,75,270.04,513.07,540.07,213.39,405.45,426.79,189.68,360.4,379.37,156.49,297.33,312.98,150.17,285.32,300.33,,,,,,
Webjet,Comprehensive Cover,56,Days,56,Days,16,75,273.63,519.9,547.26,216.24,410.85,432.47,192.21,365.2,384.42,158.57,301.29,317.15,152.17,289.12,304.33,,,,,,
Webjet,Comprehensive Cover,57,Days,57,Days,16,75,277.22,526.72,554.44,219.07,416.24,438.14,194.73,369.99,389.46,160.65,305.24,321.31,154.16,292.91,308.32,,,,,,
Webjet,Comprehensive Cover,58,Days,58,Days,16,75,280.8,533.52,561.6,221.9,421.61,443.8,197.25,374.77,394.49,162.73,309.18,325.46,156.15,296.69,312.31,,,,,,
Webjet,Comprehensive Cover,59,Days,59,Days,16,75,284.38,540.31,568.75,224.73,426.98,449.45,199.76,379.54,399.51,164.8,313.12,329.6,158.14,300.47,316.28,,,,,,
Webjet,Comprehensive Cover,60,Days,60,Days,16,75,287.94,547.09,575.88,227.54,432.33,455.09,202.26,384.3,404.52,166.87,317.04,333.73,160.12,304.23,320.25,,,,,,
Webjet,Comprehensive Cover,61,Days,61,Days,16,75,291.5,553.85,583,230.36,437.68,460.71,204.76,389.05,409.52,168.93,320.96,337.86,162.1,307.99,324.2,,,,,,
Webjet,Comprehensive Cover,62,Days,62,Days,16,75,295.05,560.6,590.1,233.16,443.01,466.32,207.26,393.79,414.51,170.99,324.87,341.97,164.08,311.75,328.15,,,,,,
Webjet,Comprehensive Cover,63,Days,63,Days,16,75,298.59,567.33,597.19,235.96,448.33,471.92,209.74,398.51,419.49,173.04,328.77,346.08,166.05,315.49,332.1,,,,,,
Webjet,Comprehensive Cover,64,Days,64,Days,16,75,302.13,574.05,604.26,238.76,453.64,477.51,212.23,403.23,424.46,175.09,332.67,350.18,168.01,319.23,336.03,,,,,,
Webjet,Comprehensive Cover,65,Days,65,Days,16,75,305.66,580.75,611.32,241.54,458.94,483.09,214.71,407.94,429.41,177.13,336.55,354.27,169.98,322.95,339.95,,,,,,
Webjet,Comprehensive Cover,66,Days,66,Days,16,75,309.18,587.44,618.36,244.33,464.22,488.65,217.18,412.64,434.36,179.17,340.43,358.35,171.93,326.67,343.87,,,,,,
Webjet,Comprehensive Cover,67,Days,67,Days,16,75,312.69,594.12,625.39,247.1,469.5,494.21,219.65,417.33,439.3,181.21,344.3,362.42,173.89,330.39,347.78,,,,,,
Webjet,Comprehensive Cover,68,Days,68,Days,16,75,316.2,600.78,632.4,249.87,474.76,499.75,222.11,422.01,444.22,183.24,348.16,366.48,175.84,334.09,351.67,,,,,,
Webjet,Comprehensive Cover,69,Days,69,Days,16,75,319.7,607.42,639.39,252.64,480.01,505.28,224.57,426.68,449.14,185.27,352.01,370.54,177.78,337.79,355.57,,,,,,
Webjet,Comprehensive Cover,70,Days,70,Days,16,75,323.19,614.06,646.38,255.4,485.26,510.8,227.02,431.34,454.04,187.29,355.85,374.58,179.72,341.48,359.45,,,,,,
Webjet,Comprehensive Cover,71,Days,71,Days,16,75,326.67,620.68,653.34,258.15,490.49,516.3,229.47,435.99,458.93,189.31,359.69,378.62,181.66,345.16,363.32,,,,,,
Webjet,Comprehensive Cover,72,Days,72,Days,16,75,330.15,627.28,660.29,260.9,495.7,521.79,231.91,440.63,463.82,191.32,363.52,382.65,183.59,348.83,367.19,,,,,,
Webjet,Comprehensive Cover,73,Days,73,Days,16,75,333.62,633.87,667.23,263.64,500.91,527.28,234.34,445.25,468.69,193.33,367.34,386.67,185.52,352.49,371.05,,,,,,
Webjet,Comprehensive Cover,74,Days,74,Days,16,75,337.08,640.45,674.15,266.37,506.11,532.75,236.78,449.87,473.55,195.34,371.15,390.68,187.45,356.15,374.89,,,,,,
Webjet,Comprehensive Cover,75,Days,75,Days,16,75,340.53,647.01,681.06,269.1,511.29,538.2,239.2,454.48,478.4,197.34,374.95,394.68,189.37,359.8,378.74,,,,,,
Webjet,Comprehensive Cover,76,Days,76,Days,16,75,343.98,653.55,687.95,271.82,516.47,543.65,241.62,459.08,483.24,199.34,378.74,398.68,191.28,363.44,382.57,,,,,,
Webjet,Comprehensive Cover,77,Days,77,Days,16,75,347.41,660.09,694.83,274.54,521.63,549.08,244.04,463.67,488.07,201.33,382.53,402.66,193.2,367.07,386.39,,,,,,
Webjet,Comprehensive Cover,78,Days,78,Days,16,75,350.84,666.6,701.69,277.25,526.78,554.51,246.45,468.25,492.89,203.32,386.31,406.64,195.1,370.7,390.21,,,,,,
Webjet,Comprehensive Cover,79,Days,79,Days,16,75,354.27,673.11,708.54,279.96,531.92,559.92,248.85,472.82,497.7,205.3,390.07,410.61,197.01,374.31,394.02,,,,,,
Webjet,Comprehensive Cover,80,Days,80,Days,16,75,357.68,679.6,715.37,282.66,537.05,565.31,251.25,477.38,502.5,207.28,393.84,414.56,198.91,377.92,397.81,,,,,,
Webjet,Comprehensive Cover,81,Days,81,Days,16,75,361.09,686.07,722.18,285.35,542.17,570.7,253.65,481.93,507.29,209.26,397.59,418.51,200.8,381.52,401.6,,,,,,
Webjet,Comprehensive Cover,82,Days,82,Days,16,75,364.49,692.54,728.99,288.04,547.27,576.08,256.03,486.46,512.07,211.23,401.33,422.46,202.69,385.12,405.39,,,,,,
Webjet,Comprehensive Cover,83,Days,83,Days,16,75,367.89,698.98,735.77,290.72,552.37,581.44,258.42,490.99,516.83,213.19,405.07,426.39,204.58,388.7,409.16,,,,,,
Webjet,Comprehensive Cover,84,Days,84,Days,16,75,371.27,705.42,742.54,293.4,557.45,586.79,260.8,495.51,521.59,215.16,408.8,430.31,206.46,392.28,412.93,,,,,,
Webjet,Comprehensive Cover,85,Days,85,Days,16,75,374.65,711.83,749.3,296.06,562.52,592.13,263.17,500.02,526.34,217.11,412.52,434.23,208.34,395.85,416.68,,,,,,
Webjet,Comprehensive Cover,86,Days,86,Days,16,75,378.02,718.24,756.04,298.73,567.58,597.46,265.54,504.52,531.07,219.07,416.23,438.13,210.22,399.41,420.43,,,,,,
Webjet,Comprehensive Cover,87,Days,87,Days,16,75,381.38,724.63,762.77,301.39,572.63,602.77,267.9,509.01,535.8,221.02,419.93,442.03,212.09,402.96,424.17,,,,,,
Webjet,Comprehensive Cover,88,Days,88,Days,16,75,384.74,731,769.48,304.04,577.67,608.08,270.26,513.49,540.51,222.96,423.63,445.92,213.95,406.51,427.9,,,,,,
Webjet,Comprehensive Cover,89,Days,89,Days,16,75,388.09,737.37,776.17,306.68,582.7,613.37,272.61,517.95,545.22,224.9,427.31,449.8,215.81,410.05,431.63,,,,,,
Webjet,Comprehensive Cover,90,Days,90,Days,16,75,391.43,743.71,782.86,309.32,587.71,618.65,274.95,522.41,549.91,226.84,430.99,453.67,217.67,413.58,435.34,,,,,,
Webjet,Comprehensive Cover,91,Days,123,Days,16,75,494.36,939.28,988.72,390.67,742.26,781.33,347.26,659.79,694.52,286.49,544.33,572.98,,,,,,,,,
Webjet,Comprehensive Cover,124,Days,153,Days,16,75,583.87,1109.36,1167.74,461.4,876.66,922.8,410.13,779.26,820.27,338.36,642.89,676.72,,,,,,,,,
Webjet,Comprehensive Cover,154,Days,184,Days,16,75,666.62,1266.58,1333.24,526.79,1000.91,1053.59,468.26,889.7,936.52,386.32,734,772.63,,,,,,,,,
Webjet,Comprehensive Cover,185,Days,215,Days,16,75,742.61,1410.96,1485.22,586.84,1115,1173.69,521.64,991.11,1043.28,430.35,817.67,860.7,,,,,,,,,
Webjet,Comprehensive Cover,216,Days,245,Days,16,75,814.03,1546.65,1628.06,643.28,1222.23,1286.56,571.81,1086.43,1143.61,471.74,896.3,943.48,,,,,,,,,
Webjet,Comprehensive Cover,246,Days,276,Days,16,75,878.23,1668.63,1756.45,694.01,1318.62,1388.02,616.9,1172.11,1233.8,508.94,966.99,1017.88,,,,,,,,,
Webjet,Comprehensive Cover,277,Days,306,Days,16,75,933.48,1773.61,1866.96,737.67,1401.58,1475.35,655.71,1245.85,1311.42,540.96,1027.83,1081.92,,,,,,,,,
Webjet,Comprehensive Cover,307,Days,337,Days,16,75,983.47,1868.59,1966.94,777.18,1476.64,1554.36,690.83,1312.57,1381.65,569.93,1082.87,1139.86,,,,,,,,,
Webjet,Comprehensive Cover,338,Days,366,Days,16,75,1024.97,1947.44,2049.94,809.98,1538.96,1619.95,719.98,1367.96,1439.96,593.98,1128.57,1187.97,,,,,,,,,
Webjet,Essentials,1,Days,3,Days,16,75,64.33,122.23,128.66,50.84,96.6,101.68,45.19,85.86,90.38,37.28,70.83,74.56,,,,,,,,,
Webjet,Essentials,4,Days,4,Days,16,75,67.86,128.93,135.72,53.62,101.88,107.24,47.67,90.57,95.34,39.32,74.71,78.64,,,,,,,,,
Webjet,Essentials,5,Days,5,Days,16,75,71.38,135.62,142.76,56.41,107.18,112.82,50.14,95.27,100.28,41.37,78.6,82.74,,,,,,,,,
Webjet,Essentials,6,Days,6,Days,16,75,74.89,142.29,149.78,59.18,112.44,118.36,52.61,99.96,105.22,43.4,82.46,86.8,,,,,,,,,
Webjet,Essentials,7,Days,7,Days,16,75,78.4,148.96,156.8,61.96,117.72,123.92,55.07,104.63,110.14,45.44,86.34,90.88,,,,,,,,,
Webjet,Essentials,8,Days,8,Days,16,75,81.9,155.61,163.8,64.72,122.97,129.44,57.53,109.31,115.06,47.46,90.17,94.92,,,,,,,,,
Webjet,Essentials,9,Days,9,Days,16,75,85.4,162.26,170.8,67.49,128.23,134.98,59.99,113.98,119.98,49.49,94.03,98.98,,,,,,,,,
Webjet,Essentials,10,Days,10,Days,16,75,88.89,168.89,177.78,70.24,133.46,140.48,62.44,118.64,124.88,51.51,97.87,103.02,,,,,,,,,
Webjet,Essentials,11,Days,11,Days,16,75,92.37,175.5,184.74,72.99,138.68,145.98,64.88,123.27,129.76,53.53,101.71,107.06,,,,,,,,,
Webjet,Essentials,12,Days,12,Days,16,75,95.84,182.1,191.68,75.74,143.91,151.48,67.32,127.91,134.64,55.54,105.53,111.08,,,,,,,,,
Webjet,Essentials,13,Days,13,Days,16,75,99.31,188.69,198.62,78.48,149.11,156.96,69.76,132.54,139.52,57.55,109.35,115.1,,,,,,,,,
Webjet,Essentials,14,Days,14,Days,16,75,102.77,195.26,205.54,81.22,154.32,162.44,72.19,137.16,144.38,59.56,113.16,119.12,,,,,,,,,
Webjet,Essentials,15,Days,15,Days,16,75,106.23,201.84,212.46,83.95,159.51,167.9,74.62,141.78,149.24,61.56,116.96,123.12,,,,,,,,,
Webjet,Essentials,16,Days,16,Days,16,75,109.68,208.39,219.36,86.67,164.67,173.34,77.04,146.38,154.08,63.56,120.76,127.12,,,,,,,,,
Webjet,Essentials,17,Days,17,Days,16,75,113.12,214.93,226.24,89.39,169.84,178.78,79.46,150.97,158.92,65.55,124.55,131.1,,,,,,,,,
Webjet,Essentials,18,Days,18,Days,16,75,116.56,221.46,233.12,92.11,175.01,184.22,81.87,155.55,163.74,67.55,128.35,135.1,,,,,,,,,
Webjet,Essentials,19,Days,19,Days,16,75,119.98,227.96,239.96,94.82,180.16,189.64,84.28,160.13,168.56,69.53,132.11,139.06,,,,,,,,,
Webjet,Essentials,20,Days,20,Days,16,75,123.41,234.48,246.82,97.52,185.29,195.04,86.68,164.69,173.36,71.51,135.87,143.02,,,,,,,,,
Webjet,Essentials,21,Days,21,Days,16,75,126.82,240.96,253.64,100.22,190.42,200.44,89.08,169.25,178.16,73.49,139.63,146.98,,,,,,,,,
Webjet,Essentials,22,Days,22,Days,16,75,130.23,247.44,260.46,102.91,195.53,205.82,91.48,173.81,182.96,75.47,143.39,150.94,,,,,,,,,
Webjet,Essentials,23,Days,23,Days,16,75,133.63,253.9,267.26,105.6,200.64,211.2,93.87,178.35,187.74,77.44,147.14,154.88,,,,,,,,,
Webjet,Essentials,24,Days,24,Days,16,75,137.03,260.36,274.06,108.28,205.73,216.56,96.25,182.88,192.5,79.41,150.88,158.82,,,,,,,,,
Webjet,Essentials,25,Days,25,Days,16,75,140.42,266.8,280.84,110.96,210.82,221.92,98.63,187.4,197.26,81.37,154.6,162.74,,,,,,,,,
Webjet,Essentials,26,Days,26,Days,16,75,143.8,273.22,287.6,113.63,215.9,227.26,101.01,191.92,202.02,83.33,158.33,166.66,,,,,,,,,
Webjet,Essentials,27,Days,27,Days,16,75,147.17,279.62,294.34,116.3,220.97,232.6,103.38,196.42,206.76,85.29,162.05,170.58,,,,,,,,,
Webjet,Essentials,28,Days,28,Days,16,75,150.54,286.03,301.08,118.96,226.02,237.92,105.75,200.93,211.5,87.24,165.76,174.48,,,,,,,,,
Webjet,Essentials,29,Days,29,Days,16,75,153.9,292.41,307.8,121.62,231.08,243.24,108.11,205.41,216.22,89.19,169.46,178.38,,,,,,,,,
Webjet,Essentials,30,Days,30,Days,16,75,157.26,298.79,314.52,124.27,236.11,248.54,110.46,209.87,220.92,91.13,173.15,182.26,,,,,,,,,
Webjet,Essentials,31,Days,31,Days,16,75,160.61,305.16,321.22,126.92,241.15,253.84,112.82,214.36,225.64,93.07,176.83,186.14,,,,,,,,,
Webjet,Essentials,32,Days,32,Days,16,75,163.95,311.51,327.9,129.56,246.16,259.12,115.16,218.8,230.32,95.01,180.52,190.02,,,,,,,,,
Webjet,Essentials,33,Days,33,Days,16,75,167.28,317.83,334.56,132.2,251.18,264.4,117.51,223.27,235.02,96.94,184.19,193.88,,,,,,,,,
Webjet,Essentials,34,Days,34,Days,16,75,170.61,324.16,341.22,134.83,256.18,269.66,119.85,227.72,239.7,98.87,187.85,197.74,,,,,,,,,
Webjet,Essentials,35,Days,35,Days,16,75,173.94,330.49,347.88,137.45,261.16,274.9,122.18,232.14,244.36,100.8,191.52,201.6,,,,,,,,,
Webjet,Essentials,36,Days,36,Days,16,75,177.25,336.78,354.5,140.07,266.13,280.14,124.51,236.57,249.02,102.72,195.17,205.44,,,,,,,,,
Webjet,Essentials,37,Days,37,Days,16,75,180.56,343.06,361.12,142.69,271.11,285.38,126.83,240.98,253.66,104.64,198.82,209.28,,,,,,,,,
Webjet,Essentials,38,Days,38,Days,16,75,183.86,349.33,367.72,145.3,276.07,290.6,129.15,245.39,258.3,106.55,202.45,213.1,,,,,,,,,
Webjet,Essentials,39,Days,39,Days,16,75,187.16,355.6,374.32,147.9,281.01,295.8,131.47,249.79,262.94,108.46,206.07,216.92,,,,,,,,,
Webjet,Essentials,40,Days,40,Days,16,75,190.45,361.86,380.9,150.5,285.95,301,133.78,254.18,267.56,110.37,209.7,220.74,,,,,,,,,
Webjet,Essentials,41,Days,41,Days,16,75,193.73,368.09,387.46,153.09,290.87,306.18,136.08,258.55,272.16,112.27,213.31,224.54,,,,,,,,,
Webjet,Essentials,42,Days,42,Days,16,75,197,374.3,394,155.68,295.79,311.36,138.38,262.92,276.76,114.17,216.92,228.34,,,,,,,,,
Webjet,Essentials,43,Days,43,Days,16,75,200.27,380.51,400.54,158.26,300.69,316.52,140.68,267.29,281.36,116.06,220.51,232.12,,,,,,,,,
Webjet,Essentials,44,Days,44,Days,16,75,203.54,386.73,407.08,160.84,305.6,321.68,142.97,271.64,285.94,117.95,224.11,235.9,,,,,,,,,
Webjet,Essentials,45,Days,45,Days,16,75,206.79,392.9,413.58,163.42,310.5,326.84,145.26,275.99,290.52,119.84,227.7,239.68,,,,,,,,,
Webjet,Essentials,46,Days,46,Days,16,75,210.04,399.08,420.08,165.98,315.36,331.96,147.54,280.33,295.08,121.72,231.27,243.44,,,,,,,,,
Webjet,Essentials,47,Days,47,Days,16,75,213.28,405.23,426.56,168.55,320.25,337.1,149.82,284.66,299.64,123.6,234.84,247.2,,,,,,,,,
Webjet,Essentials,48,Days,48,Days,16,75,216.52,411.39,433.04,171.1,325.09,342.2,152.09,288.97,304.18,125.48,238.41,250.96,,,,,,,,,
Webjet,Essentials,49,Days,49,Days,16,75,219.75,417.53,439.5,173.65,329.94,347.3,154.36,293.28,308.72,127.35,241.97,254.7,,,,,,,,,
Webjet,Essentials,50,Days,50,Days,16,75,222.97,423.64,445.94,176.2,334.78,352.4,156.62,297.58,313.24,129.21,245.5,258.42,,,,,,,,,
Webjet,Essentials,51,Days,51,Days,16,75,226.19,429.76,452.38,178.74,339.61,357.48,158.88,301.87,317.76,131.08,249.05,262.16,,,,,,,,,
Webjet,Essentials,52,Days,52,Days,16,75,229.39,435.84,458.78,181.28,344.43,362.56,161.14,306.17,322.28,132.94,252.59,265.88,,,,,,,,,
Webjet,Essentials,53,Days,53,Days,16,75,232.6,441.94,465.2,183.81,349.24,367.62,163.39,310.44,326.78,134.79,256.1,269.58,,,,,,,,,
Webjet,Essentials,54,Days,54,Days,16,75,235.79,448,471.58,186.33,354.03,372.66,165.63,314.7,331.26,136.64,259.62,273.28,,,,,,,,,
Webjet,Essentials,55,Days,55,Days,16,75,238.98,454.06,477.96,188.85,358.82,377.7,167.87,318.95,335.74,138.49,263.13,276.98,,,,,,,,,
Webjet,Essentials,56,Days,56,Days,16,75,242.16,460.1,484.32,191.37,363.6,382.74,170.11,323.21,340.22,140.34,266.65,280.68,,,,,,,,,
Webjet,Essentials,57,Days,57,Days,16,75,245.34,466.15,490.68,193.88,368.37,387.76,172.34,327.45,344.68,142.18,270.14,284.36,,,,,,,,,
Webjet,Essentials,58,Days,58,Days,16,75,248.51,472.17,497.02,196.38,373.12,392.76,174.56,331.66,349.12,144.01,273.62,288.02,,,,,,,,,
Webjet,Essentials,59,Days,59,Days,16,75,251.67,478.17,503.34,198.88,377.87,397.76,176.78,335.88,353.56,145.85,277.12,291.7,,,,,,,,,
Webjet,Essentials,60,Days,60,Days,16,75,254.83,484.18,509.66,201.38,382.62,402.76,179,340.1,358,147.68,280.59,295.36,,,,,,,,,
Webjet,Essentials,61,Days,61,Days,16,75,257.98,490.16,515.96,203.87,387.35,407.74,181.21,344.3,362.42,149.5,284.05,299,,,,,,,,,
Webjet,Essentials,62,Days,62,Days,16,75,261.12,496.13,522.24,206.35,392.07,412.7,183.42,348.5,366.84,151.32,287.51,302.64,,,,,,,,,
Webjet,Essentials,63,Days,63,Days,16,75,264.26,502.09,528.52,208.83,396.78,417.66,185.62,352.68,371.24,153.14,290.97,306.28,,,,,,,,,
Webjet,Essentials,64,Days,64,Days,16,75,267.39,508.04,534.78,211.3,401.47,422.6,187.82,356.86,375.64,154.95,294.41,309.9,,,,,,,,,
Webjet,Essentials,65,Days,65,Days,16,75,270.51,513.97,541.02,213.77,406.16,427.54,190.02,361.04,380.04,156.76,297.84,313.52,,,,,,,,,
Webjet,Essentials,66,Days,66,Days,16,75,273.62,519.88,547.24,216.23,410.84,432.46,192.2,365.18,384.4,158.57,301.28,317.14,,,,,,,,,
Webjet,Essentials,67,Days,67,Days,16,75,276.73,525.79,553.46,218.69,415.51,437.38,194.39,369.34,388.78,160.37,304.7,320.74,,,,,,,,,
Webjet,Essentials,68,Days,68,Days,16,75,279.84,531.7,559.68,221.14,420.17,442.28,196.57,373.48,393.14,162.17,308.12,324.34,,,,,,,,,
Webjet,Essentials,69,Days,69,Days,16,75,282.93,537.57,565.86,223.59,424.82,447.18,198.74,377.61,397.48,163.96,311.52,327.92,,,,,,,,,
Webjet,Essentials,70,Days,70,Days,16,75,286.02,543.44,572.04,226.03,429.46,452.06,200.91,381.73,401.82,165.75,314.93,331.5,,,,,,,,,
Webjet,Essentials,71,Days,71,Days,16,75,289.1,549.29,578.2,228.46,434.07,456.92,203.08,385.85,406.16,167.54,318.33,335.08,,,,,,,,,
Webjet,Essentials,72,Days,72,Days,16,75,292.18,555.14,584.36,230.89,438.69,461.78,205.24,389.96,410.48,169.32,321.71,338.64,,,,,,,,,
Webjet,Essentials,73,Days,73,Days,16,75,295.25,560.98,590.5,233.32,443.31,466.64,207.4,394.06,414.8,171.1,325.09,342.2,,,,,,,,,
Webjet,Essentials,74,Days,74,Days,16,75,298.31,566.79,596.62,235.74,447.91,471.48,209.55,398.15,419.1,172.88,328.47,345.76,,,,,,,,,
Webjet,Essentials,75,Days,75,Days,16,75,301.37,572.6,602.74,238.15,452.49,476.3,211.69,402.21,423.38,174.65,331.84,349.3,,,,,,,,,
Webjet,Essentials,76,Days,76,Days,16,75,304.42,578.4,608.84,240.56,457.06,481.12,213.84,406.3,427.68,176.41,335.18,352.82,,,,,,,,,
Webjet,Essentials,77,Days,77,Days,16,75,307.46,584.17,614.92,242.97,461.64,485.94,215.97,410.34,431.94,178.18,338.54,356.36,,,,,,,,,
Webjet,Essentials,78,Days,78,Days,16,75,310.5,589.95,621,245.37,466.2,490.74,218.11,414.41,436.22,179.94,341.89,359.88,,,,,,,,,
Webjet,Essentials,79,Days,79,Days,16,75,313.53,595.71,627.06,247.76,470.74,495.52,220.23,418.44,440.46,181.69,345.21,363.38,,,,,,,,,
Webjet,Essentials,80,Days,80,Days,16,75,316.55,601.45,633.1,250.15,475.29,500.3,222.36,422.48,444.72,183.44,348.54,366.88,,,,,,,,,
Webjet,Essentials,81,Days,81,Days,16,75,319.57,607.18,639.14,252.54,479.83,505.08,224.48,426.51,448.96,185.19,351.86,370.38,,,,,,,,,
Webjet,Essentials,82,Days,82,Days,16,75,322.58,612.9,645.16,254.91,484.33,509.82,226.59,430.52,453.18,186.94,355.19,373.88,,,,,,,,,
Webjet,Essentials,83,Days,83,Days,16,75,325.58,618.6,651.16,257.29,488.85,514.58,228.7,434.53,457.4,188.68,358.49,377.36,,,,,,,,,
Webjet,Essentials,84,Days,84,Days,16,75,328.58,624.3,657.16,259.65,493.34,519.3,230.8,438.52,461.6,190.41,361.78,380.82,,,,,,,,,
Webjet,Essentials,85,Days,85,Days,16,75,331.56,629.96,663.12,262.02,497.84,524.04,232.9,442.51,465.8,192.15,365.09,384.3,,,,,,,,,
Webjet,Essentials,86,Days,86,Days,16,75,334.55,635.65,669.1,264.37,502.3,528.74,235,446.5,470,193.87,368.35,387.74,,,,,,,,,
Webjet,Essentials,87,Days,87,Days,16,75,337.52,641.29,675.04,266.73,506.79,533.46,237.09,450.47,474.18,195.6,371.64,391.2,,,,,,,,,
Webjet,Essentials,88,Days,88,Days,16,75,340.49,646.93,680.98,269.07,511.23,538.14,239.18,454.44,478.36,197.32,374.91,394.64,,,,,,,,,
Webjet,Essentials,89,Days,89,Days,16,75,343.46,652.57,686.92,271.41,515.68,542.82,241.26,458.39,482.52,199.04,378.18,398.08,,,,,,,,,
Webjet,Essentials,90,Days,90,Days,16,75,346.41,658.18,692.82,273.75,520.13,547.5,243.33,462.33,486.66,200.75,381.43,401.5,,,,,,,,,
Webjet,Essentials,91,Days,123,Days,16,75,437.51,831.27,875.02,345.74,656.91,691.48,307.32,583.91,614.64,253.54,481.73,507.08,,,,,,,,,
Webjet,Essentials,124,Days,153,Days,16,75,516.73,981.79,1033.46,408.34,775.85,816.68,362.97,689.64,725.94,299.45,568.96,598.9,,,,,,,,,
Webjet,Essentials,154,Days,184,Days,16,75,589.96,1120.92,1179.92,466.21,885.8,932.42,414.41,787.38,828.82,341.89,649.59,683.78,,,,,,,,,
Webjet,Essentials,185,Days,215,Days,16,75,657.21,1248.7,1314.42,519.36,986.78,1038.72,461.65,877.14,923.3,380.86,723.63,761.72,,,,,,,,,
Webjet,Essentials,216,Days,245,Days,16,75,720.41,1368.78,1440.82,569.3,1081.67,1138.6,506.05,961.5,1012.1,417.49,793.23,834.98,,,,,,,,,
Webjet,Essentials,246,Days,276,Days,16,75,777.23,1476.74,1554.46,614.2,1166.98,1228.4,545.96,1037.32,1091.92,450.41,855.78,900.82,,,,,,,,,
Webjet,Essentials,277,Days,306,Days,16,75,826.13,1569.65,1652.26,652.84,1240.4,1305.68,580.3,1102.57,1160.6,478.75,909.63,957.5,,,,,,,,,
Webjet,Essentials,307,Days,337,Days,16,75,870.37,1653.7,1740.74,687.8,1306.82,1375.6,611.38,1161.62,1222.76,504.39,958.34,1008.78,,,,,,,,,
Webjet,Essentials,338,Days,366,Days,16,75,907.1,1723.49,1814.2,716.83,1361.98,1433.66,637.18,1210.64,1274.36,525.67,998.77,1051.34,,,,,,,,,
Webjet,Medical and Personal,1,Days,3,Days,16,75,42.06,79.91,84.12,33.24,63.16,66.48,29.54,56.13,59.08,24.37,46.3,48.74,,,,,,,,,
Webjet,Medical and Personal,4,Days,4,Days,16,75,44.36,84.28,88.72,35.06,66.61,70.12,31.16,59.2,62.32,25.71,48.85,51.42,,,,,,,,,
Webjet,Medical and Personal,5,Days,5,Days,16,75,46.67,88.67,93.34,36.88,70.07,73.76,32.78,62.28,65.56,27.04,51.38,54.08,,,,,,,,,
Webjet,Medical and Personal,6,Days,6,Days,16,75,48.96,93.02,97.92,38.69,73.51,77.38,34.39,65.34,68.78,28.38,53.92,56.76,,,,,,,,,
Webjet,Medical and Personal,7,Days,7,Days,16,75,51.26,97.39,102.52,40.51,76.97,81.02,36.01,68.42,72.02,29.7,56.43,59.4,,,,,,,,,
Webjet,Medical and Personal,8,Days,8,Days,16,75,53.55,101.75,107.1,42.32,80.41,84.64,37.61,71.46,75.22,31.03,58.96,62.06,,,,,,,,,
Webjet,Medical and Personal,9,Days,9,Days,16,75,55.83,106.08,111.66,44.12,83.83,88.24,39.22,74.52,78.44,32.36,61.48,64.72,,,,,,,,,
Webjet,Medical and Personal,10,Days,10,Days,16,75,58.11,110.41,116.22,45.92,87.25,91.84,40.82,77.56,81.64,33.68,63.99,67.36,,,,,,,,,
Webjet,Medical and Personal,11,Days,11,Days,16,75,60.39,114.74,120.78,47.72,90.67,95.44,42.42,80.6,84.84,35,66.5,70,,,,,,,,,
Webjet,Medical and Personal,12,Days,12,Days,16,75,62.66,119.05,125.32,49.52,94.09,99.04,44.02,83.64,88.04,36.31,68.99,72.62,,,,,,,,,
Webjet,Medical and Personal,13,Days,13,Days,16,75,64.93,123.37,129.86,51.31,97.49,102.62,45.61,86.66,91.22,37.63,71.5,75.26,,,,,,,,,
Webjet,Medical and Personal,14,Days,14,Days,16,75,67.19,127.66,134.38,53.1,100.89,106.2,47.2,89.68,94.4,38.94,73.99,77.88,,,,,,,,,
Webjet,Medical and Personal,15,Days,15,Days,16,75,69.45,131.96,138.9,54.88,104.27,109.76,48.79,92.7,97.58,40.25,76.48,80.5,,,,,,,,,
Webjet,Medical and Personal,16,Days,16,Days,16,75,71.71,136.25,143.42,56.66,107.65,113.32,50.37,95.7,100.74,41.55,78.95,83.1,,,,,,,,,
Webjet,Medical and Personal,17,Days,17,Days,16,75,73.96,140.52,147.92,58.44,111.04,116.88,51.95,98.71,103.9,42.86,81.43,85.72,,,,,,,,,
Webjet,Medical and Personal,18,Days,18,Days,16,75,76.2,144.78,152.4,60.22,114.42,120.44,53.53,101.71,107.06,44.16,83.9,88.32,,,,,,,,,
Webjet,Medical and Personal,19,Days,19,Days,16,75,78.44,149.04,156.88,61.99,117.78,123.98,55.1,104.69,110.2,45.46,86.37,90.92,,,,,,,,,
Webjet,Medical and Personal,20,Days,20,Days,16,75,80.68,153.29,161.36,63.76,121.14,127.52,56.67,107.67,113.34,46.76,88.84,93.52,,,,,,,,,
Webjet,Medical and Personal,21,Days,21,Days,16,75,82.91,157.53,165.82,65.52,124.49,131.04,58.24,110.66,116.48,48.05,91.3,96.1,,,,,,,,,
Webjet,Medical and Personal,22,Days,22,Days,16,75,85.14,161.77,170.28,67.28,127.83,134.56,59.81,113.64,119.62,49.34,93.75,98.68,,,,,,,,,
Webjet,Medical and Personal,23,Days,23,Days,16,75,87.37,166,174.74,69.04,131.18,138.08,61.37,116.6,122.74,50.63,96.2,101.26,,,,,,,,,
Webjet,Medical and Personal,24,Days,24,Days,16,75,89.59,170.22,179.18,70.79,134.5,141.58,62.93,119.57,125.86,51.92,98.65,103.84,,,,,,,,,
Webjet,Medical and Personal,25,Days,25,Days,16,75,91.8,174.42,183.6,72.55,137.85,145.1,64.48,122.51,128.96,53.2,101.08,106.4,,,,,,,,,
Webjet,Medical and Personal,26,Days,26,Days,16,75,94.01,178.62,188.02,74.29,141.15,148.58,66.04,125.48,132.08,54.48,103.51,108.96,,,,,,,,,
Webjet,Medical and Personal,27,Days,27,Days,16,75,96.22,182.82,192.44,76.04,144.48,152.08,67.59,128.42,135.18,55.76,105.94,111.52,,,,,,,,,
Webjet,Medical and Personal,28,Days,28,Days,16,75,98.42,187,196.84,77.78,147.78,155.56,69.13,131.35,138.26,57.04,108.38,114.08,,,,,,,,,
Webjet,Medical and Personal,29,Days,29,Days,16,75,100.62,191.18,201.24,79.51,151.07,159.02,70.68,134.29,141.36,58.31,110.79,116.62,,,,,,,,,
Webjet,Medical and Personal,30,Days,30,Days,16,75,102.81,195.34,205.62,81.25,154.38,162.5,72.22,137.22,144.44,59.58,113.2,119.16,,,,,,,,,
Webjet,Medical and Personal,31,Days,31,Days,16,75,105,199.5,210,82.98,157.66,165.96,73.76,140.14,147.52,60.85,115.62,121.7,,,,,,,,,
Webjet,Medical and Personal,32,Days,32,Days,16,75,107.19,203.66,214.38,84.7,160.93,169.4,75.29,143.05,150.58,62.12,118.03,124.24,,,,,,,,,
Webjet,Medical and Personal,33,Days,33,Days,16,75,109.37,207.8,218.74,86.43,164.22,172.86,76.82,145.96,153.64,63.38,120.42,126.76,,,,,,,,,
Webjet,Medical and Personal,34,Days,34,Days,16,75,111.54,211.93,223.08,88.15,167.49,176.3,78.35,148.87,156.7,64.64,122.82,129.28,,,,,,,,,
Webjet,Medical and Personal,35,Days,35,Days,16,75,113.72,216.07,227.44,89.86,170.73,179.72,79.88,151.77,159.76,65.9,125.21,131.8,,,,,,,,,
Webjet,Medical and Personal,36,Days,36,Days,16,75,115.88,220.17,231.76,91.58,174,183.16,81.4,154.66,162.8,67.16,127.6,134.32,,,,,,,,,
Webjet,Medical and Personal,37,Days,37,Days,16,75,118.05,224.3,236.1,93.29,177.25,186.58,82.92,157.55,165.84,68.41,129.98,136.82,,,,,,,,,
Webjet,Medical and Personal,38,Days,38,Days,16,75,120.21,228.4,240.42,94.99,180.48,189.98,84.44,160.44,168.88,69.66,132.35,139.32,,,,,,,,,
Webjet,Medical and Personal,39,Days,39,Days,16,75,122.36,232.48,244.72,96.69,183.71,193.38,85.95,163.31,171.9,70.91,134.73,141.82,,,,,,,,,
Webjet,Medical and Personal,40,Days,40,Days,16,75,124.51,236.57,249.02,98.39,186.94,196.78,87.46,166.17,174.92,72.16,137.1,144.32,,,,,,,,,
Webjet,Medical and Personal,41,Days,41,Days,16,75,126.66,240.65,253.32,100.09,190.17,200.18,88.97,169.04,177.94,73.4,139.46,146.8,,,,,,,,,
Webjet,Medical and Personal,42,Days,42,Days,16,75,128.8,244.72,257.6,101.78,193.38,203.56,90.47,171.89,180.94,74.64,141.82,149.28,,,,,,,,,
Webjet,Medical and Personal,43,Days,43,Days,16,75,130.94,248.79,261.88,103.47,196.59,206.94,91.97,174.74,183.94,75.88,144.17,151.76,,,,,,,,,
Webjet,Medical and Personal,44,Days,44,Days,16,75,133.07,252.83,266.14,105.16,199.8,210.32,93.47,177.59,186.94,77.11,146.51,154.22,,,,,,,,,
Webjet,Medical and Personal,45,Days,45,Days,16,75,135.2,256.88,270.4,106.84,203,213.68,94.97,180.44,189.94,78.35,148.87,156.7,,,,,,,,,
Webjet,Medical and Personal,46,Days,46,Days,16,75,137.32,260.91,274.64,108.52,206.19,217.04,96.46,183.27,192.92,79.58,151.2,159.16,,,,,,,,,
Webjet,Medical and Personal,47,Days,47,Days,16,75,139.44,264.94,278.88,110.19,209.36,220.38,97.95,186.11,195.9,80.81,153.54,161.62,,,,,,,,,
Webjet,Medical and Personal,48,Days,48,Days,16,75,141.56,268.96,283.12,111.86,212.53,223.72,99.43,188.92,198.86,82.03,155.86,164.06,,,,,,,,,
Webjet,Medical and Personal,49,Days,49,Days,16,75,143.67,272.97,287.34,113.53,215.71,227.06,100.92,191.75,201.84,83.26,158.19,166.52,,,,,,,,,
Webjet,Medical and Personal,50,Days,50,Days,16,75,145.77,276.96,291.54,115.2,218.88,230.4,102.4,194.56,204.8,84.48,160.51,168.96,,,,,,,,,
Webjet,Medical and Personal,51,Days,51,Days,16,75,147.88,280.97,295.76,116.86,222.03,233.72,103.87,197.35,207.74,85.7,162.83,171.4,,,,,,,,,
Webjet,Medical and Personal,52,Days,52,Days,16,75,149.97,284.94,299.94,118.52,225.19,237.04,105.35,200.17,210.7,86.91,165.13,173.82,,,,,,,,,
Webjet,Medical and Personal,53,Days,53,Days,16,75,152.07,288.93,304.14,120.17,228.32,240.34,106.82,202.96,213.64,88.13,167.45,176.26,,,,,,,,,
Webjet,Medical and Personal,54,Days,54,Days,16,75,154.16,292.9,308.32,121.82,231.46,243.64,108.29,205.75,216.58,89.34,169.75,178.68,,,,,,,,,
Webjet,Medical and Personal,55,Days,55,Days,16,75,156.24,296.86,312.48,123.47,234.59,246.94,109.75,208.53,219.5,90.54,172.03,181.08,,,,,,,,,
Webjet,Medical and Personal,56,Days,56,Days,16,75,158.32,300.81,316.64,125.11,237.71,250.22,111.21,211.3,222.42,91.75,174.33,183.5,,,,,,,,,
Webjet,Medical and Personal,57,Days,57,Days,16,75,160.4,304.76,320.8,126.75,240.83,253.5,112.67,214.07,225.34,92.95,176.61,185.9,,,,,,,,,
Webjet,Medical and Personal,58,Days,58,Days,16,75,162.47,308.69,324.94,128.39,243.94,256.78,114.13,216.85,228.26,94.15,178.89,188.3,,,,,,,,,
Webjet,Medical and Personal,59,Days,59,Days,16,75,164.54,312.63,329.08,130.03,247.06,260.06,115.58,219.6,231.16,95.35,181.17,190.7,,,,,,,,,
Webjet,Medical and Personal,60,Days,60,Days,16,75,166.6,316.54,333.2,131.66,250.15,263.32,117.03,222.36,234.06,96.55,183.45,193.1,,,,,,,,,
Webjet,Medical and Personal,61,Days,61,Days,16,75,168.66,320.45,337.32,133.28,253.23,266.56,118.47,225.09,236.94,97.74,185.71,195.48,,,,,,,,,
Webjet,Medical and Personal,62,Days,62,Days,16,75,170.72,324.37,341.44,134.91,256.33,269.82,119.92,227.85,239.84,98.93,187.97,197.86,,,,,,,,,
Webjet,Medical and Personal,63,Days,63,Days,16,75,172.77,328.26,345.54,136.53,259.41,273.06,121.36,230.58,242.72,100.12,190.23,200.24,,,,,,,,,
Webjet,Medical and Personal,64,Days,64,Days,16,75,174.81,332.14,349.62,138.14,262.47,276.28,122.79,233.3,245.58,101.31,192.49,202.62,,,,,,,,,
Webjet,Medical and Personal,65,Days,65,Days,16,75,176.85,336.02,353.7,139.76,265.54,279.52,124.23,236.04,248.46,102.49,194.73,204.98,,,,,,,,,
Webjet,Medical and Personal,66,Days,66,Days,16,75,178.89,339.89,357.78,141.37,268.6,282.74,125.66,238.75,251.32,103.67,196.97,207.34,,,,,,,,,
Webjet,Medical and Personal,67,Days,67,Days,16,75,180.92,343.75,361.84,142.97,271.64,285.94,127.09,241.47,254.18,104.85,199.22,209.7,,,,,,,,,
Webjet,Medical and Personal,68,Days,68,Days,16,75,182.95,347.61,365.9,144.58,274.7,289.16,128.51,244.17,257.02,106.02,201.44,212.04,,,,,,,,,
Webjet,Medical and Personal,69,Days,69,Days,16,75,184.98,351.46,369.96,146.18,277.74,292.36,129.93,246.87,259.86,107.2,203.68,214.4,,,,,,,,,
Webjet,Medical and Personal,70,Days,70,Days,16,75,187,355.3,374,147.77,280.76,295.54,131.35,249.57,262.7,108.37,205.9,216.74,,,,,,,,,
Webjet,Medical and Personal,71,Days,71,Days,16,75,189.01,359.12,378.02,149.37,283.8,298.74,132.77,252.26,265.54,109.53,208.11,219.06,,,,,,,,,
Webjet,Medical and Personal,72,Days,72,Days,16,75,191.02,362.94,382.04,150.95,286.81,301.9,134.18,254.94,268.36,110.7,210.33,221.4,,,,,,,,,
Webjet,Medical and Personal,73,Days,73,Days,16,75,193.03,366.76,386.06,152.54,289.83,305.08,135.59,257.62,271.18,111.86,212.53,223.72,,,,,,,,,
Webjet,Medical and Personal,74,Days,74,Days,16,75,195.03,370.56,390.06,154.12,292.83,308.24,137,260.3,274,113.02,214.74,226.04,,,,,,,,,
Webjet,Medical and Personal,75,Days,75,Days,16,75,197.03,374.36,394.06,155.7,295.83,311.4,138.4,262.96,276.8,114.18,216.94,228.36,,,,,,,,,
Webjet,Medical and Personal,76,Days,76,Days,16,75,199.02,378.14,398.04,157.28,298.83,314.56,139.8,265.62,279.6,115.34,219.15,230.68,,,,,,,,,
Webjet,Medical and Personal,77,Days,77,Days,16,75,201.01,381.92,402.02,158.85,301.82,317.7,141.2,268.28,282.4,116.49,221.33,232.98,,,,,,,,,
Webjet,Medical and Personal,78,Days,78,Days,16,75,203,385.7,406,160.42,304.8,320.84,142.59,270.92,285.18,117.64,223.52,235.28,,,,,,,,,
Webjet,Medical and Personal,79,Days,79,Days,16,75,204.98,389.46,409.96,161.98,307.76,323.96,143.99,273.58,287.98,118.79,225.7,237.58,,,,,,,,,
Webjet,Medical and Personal,80,Days,80,Days,16,75,206.96,393.22,413.92,163.54,310.73,327.08,145.37,276.2,290.74,119.93,227.87,239.86,,,,,,,,,
Webjet,Medical and Personal,81,Days,81,Days,16,75,208.93,396.97,417.86,165.1,313.69,330.2,146.76,278.84,293.52,121.08,230.05,242.16,,,,,,,,,
Webjet,Medical and Personal,82,Days,82,Days,16,75,210.89,400.69,421.78,166.66,316.65,333.32,148.14,281.47,296.28,122.22,232.22,244.44,,,,,,,,,
Webjet,Medical and Personal,83,Days,83,Days,16,75,212.86,404.43,425.72,168.21,319.6,336.42,149.52,284.09,299.04,123.35,234.37,246.7,,,,,,,,,
Webjet,Medical and Personal,84,Days,84,Days,16,75,214.82,408.16,429.64,169.76,322.54,339.52,150.9,286.71,301.8,124.49,236.53,248.98,,,,,,,,,
Webjet,Medical and Personal,85,Days,85,Days,16,75,216.77,411.86,433.54,171.3,325.47,342.6,152.27,289.31,304.54,125.62,238.68,251.24,,,,,,,,,
Webjet,Medical and Personal,86,Days,86,Days,16,75,218.72,415.57,437.44,172.84,328.4,345.68,153.64,291.92,307.28,126.75,240.83,253.5,,,,,,,,,
Webjet,Medical and Personal,87,Days,87,Days,16,75,220.67,419.27,441.34,174.38,331.32,348.76,155.01,294.52,310.02,127.88,242.97,255.76,,,,,,,,,
Webjet,Medical and Personal,88,Days,88,Days,16,75,222.61,422.96,445.22,175.92,334.25,351.84,156.37,297.1,312.74,129,245.1,258,,,,,,,,,
Webjet,Medical and Personal,89,Days,89,Days,16,75,224.55,426.65,449.1,177.45,337.16,354.9,157.73,299.69,315.46,130.13,247.25,260.26,,,,,,,,,
Webjet,Medical and Personal,90,Days,90,Days,16,75,226.48,430.31,452.96,178.97,340.04,357.94,159.09,302.27,318.18,131.25,249.38,262.5,,,,,,,,,
Webjet,Medical and Personal,91,Days,123,Days,16,75,286.04,543.48,572.08,226.04,429.48,452.08,200.92,381.75,401.84,165.76,314.94,331.52,,,,,,,,,
Webjet,Medical and Personal,124,Days,153,Days,16,75,337.83,641.88,675.66,266.97,507.24,533.94,237.3,450.87,474.6,195.78,371.98,391.56,,,,,,,,,
Webjet,Medical and Personal,154,Days,184,Days,16,75,385.71,732.85,771.42,304.8,579.12,609.6,270.94,514.79,541.88,223.52,424.69,447.04,,,,,,,,,
Webjet,Medical and Personal,185,Days,215,Days,16,75,429.67,816.37,859.34,339.55,645.15,679.1,301.82,573.46,603.64,249,473.1,498,,,,,,,,,
Webjet,Medical and Personal,216,Days,245,Days,16,75,471,894.9,942,372.2,707.18,744.4,330.85,628.62,661.7,272.95,518.61,545.9,,,,,,,,,
Webjet,Medical and Personal,246,Days,276,Days,16,75,508.14,965.47,1016.28,401.55,762.95,803.1,356.94,678.19,713.88,294.47,559.49,588.94,,,,,,,,,
Webjet,Medical and Personal,277,Days,306,Days,16,75,540.11,1026.21,1080.22,426.82,810.96,853.64,379.39,720.84,758.78,313,594.7,626,,,,,,,,,
Webjet,Medical and Personal,307,Days,337,Days,16,75,569.03,1081.16,1138.06,449.67,854.37,899.34,399.71,759.45,799.42,329.76,626.54,659.52,,,,,,,,,
Webjet,Medical and Personal,338,Days,366,Days,16,75,593.05,1126.8,1186.1,468.65,890.44,937.3,416.58,791.5,833.16,343.68,652.99,687.36,,,,,,,,,
Webjet,Worldwide Multi-trip Cover,1,Days,366,Days,16,75,400,400,400,,,,,,,,,,,,,,,,,,
Webjet,New Zealand only Multi-trip Cover,1,Days,366,Days,16,75,235,235,235,,,,,,,,,,,,,,,,,,
Webjet,Australia only Multi-trip Cover,1,Days,366,Days,16,75,225,225,225,,,,,,,,,,,,,,,,,,
