POLICY,,DURATION (DAYS),,,,AGE GROUP,,PRICING (2 DECIMAL PLACES MAXIMUM),,,,,,,,,,,,,,,,,,,,,,,
,,,,,,,,,,,,,,,,,,,,,,,,,,,,,,,
INSURER NAME,POLICY NAME,MINIMUM VALUE,UNIT,MAXIMUM VALUE,UNIT,AGE MINIMUM,AGE MAXIMUM,,REGION 1,,,REGION 2,,,REGION 3,,,REGION 4,,,REGION 5,,,REGION 6,,,REGION 7,,,REGION 8 ,
,,,,,,,,SINGLE,DUO,FAMILY,SINGLE,DUO,FAMILY,SINGLE,DUO,FAMILY,SINGLE,DUO,FAMILY,SINGLE,DUO,FAMILY,SINGLE,DUO,FAMILY,SINGLE,DUO,FAMILY,SINGLE,DUO,FAMILY
Easy Travel Insurance,Elements Comprehensive,1,Days,5,Days,0,65,84.5,169,169,63.7,127.4,127.4,61.75,123.5,123.5,50.05,100.1,100.1,47.45,94.9,94.9,35.1,70.2,70.2,31.85,63.7,63.7,50.05,100.1,100.1
Easy Travel Insurance,Elements Comprehensive,6,Days,8,Days,0,65,101.4,202.8,202.8,70.85,141.7,141.7,65,130,130,57.2,114.4,114.4,55.25,110.5,110.5,40.3,80.6,80.6,37.7,75.4,75.4,57.2,114.4,114.4
Easy Travel Insurance,Elements Comprehensive,9,Days,11,Days,0,65,114.4,228.8,228.8,83.85,167.7,167.7,73.45,146.9,146.9,64.35,128.7,128.7,61.75,123.5,123.5,46.15,92.3,92.3,43.55,87.1,87.1,64.35,128.7,128.7
Easy Travel Insurance,Elements Comprehensive,12,Days,14,Days,0,65,135.85,271.7,271.7,96.2,192.4,192.4,93.6,187.2,187.2,74.75,149.5,149.5,71.5,143,143,52.65,105.3,105.3,49.4,98.8,98.8,74.75,149.5,149.5
Easy Travel Insurance,Elements Comprehensive,15,Days,17,Days,0,65,159.25,318.5,318.5,110.5,221,221,102.05,204.1,204.1,87.1,174.2,174.2,82.55,165.1,165.1,57.85,115.7,115.7,57.2,114.4,114.4,87.1,174.2,174.2
Easy Travel Insurance,Elements Comprehensive,18,Days,20,Days,0,65,171.6,343.2,343.2,120.9,241.8,241.8,111.15,222.3,222.3,92.3,184.6,184.6,88.4,176.8,176.8,66.95,133.9,133.9,66.95,133.9,133.9,92.3,184.6,184.6
Easy Travel Insurance,Elements Comprehensive,21,Days,23,Days,0,65,185.9,371.8,371.8,131.3,262.6,262.6,123.5,247,247,101.4,202.8,202.8,94.9,189.8,189.8,72.8,145.6,145.6,72.15,144.3,144.3,101.4,202.8,202.8
Easy Travel Insurance,Elements Comprehensive,24,Days,26,Days,0,65,202.15,404.3,404.3,146.9,293.8,293.8,135.2,270.4,270.4,115.05,230.1,230.1,102.7,205.4,205.4,79.95,159.9,159.9,79.3,158.6,158.6,115.05,230.1,230.1
Easy Travel Insurance,Elements Comprehensive,27,Days,29,Days,0,65,227.5,455,455,161.85,323.7,323.7,141.7,283.4,283.4,125.45,250.9,250.9,111.15,222.3,222.3,85.15,170.3,170.3,83.85,167.7,167.7,125.45,250.9,250.9
Easy Travel Insurance,Elements Comprehensive,30,Days,32,Days,0,65,236.6,473.2,473.2,176.8,353.6,353.6,148.2,296.4,296.4,130.65,261.3,261.3,119.6,239.2,239.2,90.35,180.7,180.7,87.75,175.5,175.5,130.65,261.3,261.3
Easy Travel Insurance,Elements Comprehensive,33,Days,35,Days,0,65,245.7,491.4,491.4,203.45,406.9,406.9,156,312,312,136.5,273,273,132.6,265.2,265.2,96.2,192.4,192.4,91,182,182,136.5,273,273
Easy Travel Insurance,Elements Comprehensive,36,Days,38,Days,0,65,258.05,516.1,516.1,224.9,449.8,449.8,171.6,343.2,343.2,143.65,287.3,287.3,140.4,280.8,280.8,101.4,202.8,202.8,94.25,188.5,188.5,143.65,287.3,287.3
Easy Travel Insurance,Elements Comprehensive,39,Days,42,Days,0,65,269.1,538.2,538.2,233.35,466.7,466.7,185.9,371.8,371.8,150.15,300.3,300.3,148.85,297.7,297.7,113.1,226.2,226.2,104,208,208,150.15,300.3,300.3
Easy Travel Insurance,Elements Comprehensive,43,Days,45,Days,0,65,298.35,596.7,596.7,250.9,501.8,501.8,204.1,408.2,408.2,153.4,306.8,306.8,151.45,302.9,302.9,119.6,239.2,239.2,109.2,218.4,218.4,153.4,306.8,306.8
Easy Travel Insurance,Elements Comprehensive,46,Days,49,Days,0,65,313.95,627.9,627.9,263.25,526.5,526.5,211.9,423.8,423.8,167.7,335.4,335.4,165.75,331.5,331.5,125.45,250.9,250.9,114.4,228.8,228.8,167.7,335.4,335.4
Easy Travel Insurance,Elements Comprehensive,50,Days,56,Days,0,65,328.25,656.5,656.5,275.6,551.2,551.2,226.2,452.4,452.4,183.95,367.9,367.9,180.05,360.1,360.1,132.6,265.2,265.2,120.25,240.5,240.5,183.95,367.9,367.9
Easy Travel Insurance,Elements Comprehensive,57,Days,63,Days,0,65,338.65,677.3,677.3,294.45,588.9,588.9,248.95,497.9,497.9,206.05,412.1,412.1,197.6,395.2,395.2,146.9,293.8,293.8,131.3,262.6,262.6,206.05,412.1,412.1
Easy Travel Insurance,Elements Comprehensive,64,Days,70,Days,0,65,375.05,750.1,750.1,337.35,674.7,674.7,263.9,527.8,527.8,224.9,449.8,449.8,214.5,429,429,159.9,319.8,319.8,144.3,288.6,288.6,224.9,449.8,449.8
Easy Travel Insurance,Elements Comprehensive,71,Days,91,Days,0,65,434.2,868.4,868.4,383.5,767,767,294.45,588.9,588.9,250.9,501.8,501.8,239.85,479.7,479.7,189.8,379.6,379.6,152.1,304.2,304.2,250.9,501.8,501.8
Easy Travel Insurance,Elements Comprehensive,92,Days,119,Days,0,65,510.25,1020.5,1020.5,436.15,872.3,872.3,335.4,670.8,670.8,283.4,566.8,566.8,262.6,525.2,525.2,205.4,410.8,410.8,165.1,330.2,330.2,283.4,566.8,566.8
Easy Travel Insurance,Elements Comprehensive,120,Days,154,Days,0,65,589.55,1179.1,1179.1,503.1,1006.2,1006.2,387.4,774.8,774.8,330.2,660.4,660.4,300.3,600.6,600.6,227.5,455,455,188.5,377,377,330.2,660.4,660.4
Easy Travel Insurance,Elements Comprehensive,155,Days,183,Days,0,65,679.9,1359.8,1359.8,579.15,1158.3,1158.3,437.45,874.9,874.9,378.3,756.6,756.6,336.05,672.1,672.1,250.25,500.5,500.5,204.1,408.2,408.2,378.3,756.6,756.6
Easy Travel Insurance,Elements Comprehensive,184,Days,214,Days,0,65,777.4,1554.8,1554.8,664.3,1328.6,1328.6,504.4,1008.8,1008.8,430.95,861.9,861.9,367.25,734.5,734.5,,,,,,,430.95,861.9,861.9
Easy Travel Insurance,Elements Comprehensive,215,Days,244,Days,0,65,850.2,1700.4,1700.4,731.9,1463.8,1463.8,557.7,1115.4,1115.4,468,936,936,422.5,845,845,,,,,,,468,936,936
Easy Travel Insurance,Elements Comprehensive,245,Days,275,Days,0,65,936.65,1873.3,1873.3,809.9,1619.8,1619.8,611,1222,1222,514.15,1028.3,1028.3,460.85,921.7,921.7,,,,,,,514.15,1028.3,1028.3
Easy Travel Insurance,Elements Comprehensive,276,Days,305,Days,0,65,999.7,1999.4,1999.4,871,1742,1742,650,1300,1300,555.75,1111.5,1111.5,488.8,977.6,977.6,,,,,,,555.75,1111.5,1111.5
Easy Travel Insurance,Elements Comprehensive,306,Days,336,Days,0,65,1087.45,2174.9,2174.9,944.45,1888.9,1888.9,706.55,1413.1,1413.1,599.95,1199.9,1199.9,536.25,1072.5,1072.5,,,,,,,599.95,1199.9,1199.9
Easy Travel Insurance,Elements Comprehensive,337,Days,365,Days,0,65,1155.05,2310.1,2310.1,996.45,1992.9,1992.9,752.05,1504.1,1504.1,639.6,1279.2,1279.2,567.45,1134.9,1134.9,,,,,,,639.6,1279.2,1279.2
Easy Travel Insurance,International Comprehensive $100 Excess,1,Days,5,Days,0,49,90.3,180.6,180.6,92.4,184.8,184.8,71.4,142.8,142.8,65.8,131.6,131.6,61.6,123.2,123.2,59.5,119,119,31.5,63,63,59.5,119,119
Easy Travel Insurance,International Comprehensive $100 Excess,6,Days,8,Days,0,49,114.8,229.6,229.6,106.4,212.8,212.8,87.5,175,175,77.7,155.4,155.4,70.7,141.4,141.4,67.9,135.8,135.8,39.9,79.8,79.8,67.9,135.8,135.8
Easy Travel Insurance,International Comprehensive $100 Excess,9,Days,11,Days,0,49,165.9,331.8,331.8,129.5,259,259,105,210,210,93.1,186.2,186.2,86.1,172.2,172.2,81.9,163.8,163.8,49.7,99.4,99.4,81.9,163.8,163.8
Easy Travel Insurance,International Comprehensive $100 Excess,12,Days,14,Days,0,49,167.3,334.6,334.6,144.9,289.8,289.8,119,238,238,103.6,207.2,207.2,100.1,200.2,200.2,91,182,182,56.7,113.4,113.4,91,182,182
Easy Travel Insurance,International Comprehensive $100 Excess,15,Days,17,Days,0,49,169.4,338.8,338.8,149.8,299.6,299.6,122.5,245,245,107.1,214.2,214.2,107.1,214.2,214.2,93.8,187.6,187.6,70,140,140,93.8,187.6,187.6
Easy Travel Insurance,International Comprehensive $100 Excess,18,Days,20,Days,0,49,198.1,396.2,396.2,176.4,352.8,352.8,144.2,288.4,288.4,125.3,250.6,250.6,125.3,250.6,250.6,109.2,218.4,218.4,81.9,163.8,163.8,109.2,218.4,218.4
Easy Travel Insurance,International Comprehensive $100 Excess,21,Days,23,Days,0,49,201.6,403.2,403.2,203.7,407.4,407.4,164.5,329,329,135.8,271.6,271.6,135.8,271.6,271.6,125.3,250.6,250.6,91,182,182,125.3,250.6,250.6
Easy Travel Insurance,International Comprehensive $100 Excess,24,Days,26,Days,0,49,251.3,502.6,502.6,228.2,456.4,456.4,185.5,371,371,159.6,319.2,319.2,158.9,317.8,317.8,141.4,282.8,282.8,102.2,204.4,204.4,141.4,282.8,282.8
Easy Travel Insurance,International Comprehensive $100 Excess,27,Days,29,Days,0,49,254.1,508.2,508.2,234.5,469,469,189.7,379.4,379.4,165.9,331.8,331.8,161.7,323.4,323.4,144.9,289.8,289.8,109.9,219.8,219.8,144.9,289.8,289.8
Easy Travel Insurance,International Comprehensive $100 Excess,30,Days,32,Days,0,49,304.5,609,609,259,518,518,212.8,425.6,425.6,182.7,365.4,365.4,180.6,361.2,361.2,159.6,319.2,319.2,115.5,231,231,159.6,319.2,319.2
Easy Travel Insurance,International Comprehensive $100 Excess,33,Days,35,Days,0,49,307.3,614.6,614.6,266.7,533.4,533.4,214.9,429.8,429.8,187.6,375.2,375.2,181.3,362.6,362.6,163.8,327.6,327.6,120.4,240.8,240.8,163.8,327.6,327.6
Easy Travel Insurance,International Comprehensive $100 Excess,36,Days,38,Days,0,49,310.8,621.6,621.6,299.6,599.2,599.2,240.1,480.2,480.2,210,420,420,203,406,406,183.4,366.8,366.8,122.5,245,245,183.4,366.8,366.8
Easy Travel Insurance,International Comprehensive $100 Excess,39,Days,42,Days,0,49,350,700,700,332.5,665,665,266,532,532,232.4,464.8,464.8,225.4,450.8,450.8,200.9,401.8,401.8,124.6,249.2,249.2,200.9,401.8,401.8
Easy Travel Insurance,International Comprehensive $100 Excess,43,Days,45,Days,0,49,354.9,709.8,709.8,365.4,730.8,730.8,286.3,572.6,572.6,249.9,499.8,499.8,243.6,487.2,487.2,214.9,429.8,429.8,128.1,256.2,256.2,214.9,429.8,429.8
Easy Travel Insurance,International Comprehensive $100 Excess,46,Days,49,Days,0,49,406.7,813.4,813.4,367.5,735,735,293.3,586.6,586.6,256.2,512.4,512.4,249.9,499.8,499.8,217.7,435.4,435.4,136.5,273,273,217.7,435.4,435.4
Easy Travel Insurance,International Comprehensive $100 Excess,50,Days,56,Days,0,49,450.8,901.6,901.6,388.5,777,777,310.1,620.2,620.2,270.9,541.8,541.8,264.6,529.2,529.2,227.5,455,455,142.8,285.6,285.6,227.5,455,455
Easy Travel Insurance,International Comprehensive $100 Excess,57,Days,63,Days,0,49,476,952,952,409.5,819,819,325.5,651,651,279.3,558.6,558.6,278.6,557.2,557.2,233.8,467.6,467.6,154,308,308,233.8,467.6,467.6
Easy Travel Insurance,International Comprehensive $100 Excess,64,Days,70,Days,0,49,522.2,1044.4,1044.4,540.4,1080.8,1080.8,421.4,842.8,842.8,357.7,715.4,715.4,357.7,715.4,715.4,238.7,477.4,477.4,164.5,329,329,238.7,477.4,477.4
Easy Travel Insurance,International Comprehensive $100 Excess,71,Days,91,Days,0,49,623,1246,1246,542.5,1085,1085,425.6,851.2,851.2,362.6,725.2,725.2,362.6,725.2,725.2,243.6,487.2,487.2,180.6,361.2,361.2,243.6,487.2,487.2
Easy Travel Insurance,International Comprehensive $100 Excess,92,Days,119,Days,0,49,713.3,1426.6,1426.6,664.3,1328.6,1328.6,518,1036,1036,440.3,880.6,880.6,440.3,880.6,880.6,378,756,756,198.1,396.2,396.2,378,756,756
Easy Travel Insurance,International Comprehensive $100 Excess,120,Days,154,Days,0,49,827.4,1654.8,1654.8,764.4,1528.8,1528.8,561.4,1122.8,1122.8,504.7,1009.4,1009.4,504.7,1009.4,1009.4,504.7,1009.4,1009.4,228.2,456.4,456.4,504.7,1009.4,1009.4
Easy Travel Insurance,International Comprehensive $100 Excess,155,Days,183,Days,0,49,954.8,1909.6,1909.6,877.8,1755.6,1755.6,669.9,1339.8,1339.8,602,1204,1204,602,1204,1204,602,1204,1204,251.3,502.6,502.6,602,1204,1204
Easy Travel Insurance,International Comprehensive $100 Excess,184,Days,214,Days,0,49,1104.6,2209.2,2209.2,1013.6,2027.2,2027.2,775.6,1551.2,1551.2,678.3,1356.6,1356.6,678.3,1356.6,1356.6,,,,,,,,,
Easy Travel Insurance,International Comprehensive $100 Excess,215,Days,244,Days,0,49,1221.5,2443,2443,1125.6,2251.2,2251.2,861.7,1723.4,1723.4,721,1442,1442,721,1442,1442,,,,,,,,,
Easy Travel Insurance,International Comprehensive $100 Excess,245,Days,275,Days,0,49,1341.9,2683.8,2683.8,1255.8,2511.6,2511.6,961.1,1922.2,1922.2,821.8,1643.6,1643.6,821.8,1643.6,1643.6,,,,,,,,,
Easy Travel Insurance,International Comprehensive $100 Excess,276,Days,305,Days,0,49,1429.4,2858.8,2858.8,1362.9,2725.8,2725.8,1003.1,2006.2,2006.2,879.2,1758.4,1758.4,879.2,1758.4,1758.4,,,,,,,,,
Easy Travel Insurance,International Comprehensive $100 Excess,306,Days,336,Days,0,49,1554.7,3109.4,3109.4,1470.7,2941.4,2941.4,1083.6,2167.2,2167.2,955.5,1911,1911,955.5,1911,1911,,,,,,,,,
Easy Travel Insurance,International Comprehensive $100 Excess,337,Days,365,Days,0,49,1623.3,3246.6,3246.6,1537.9,3075.8,3075.8,1130.5,2261,2261,1013.6,2027.2,2027.2,1013.6,2027.2,2027.2,,,,,,,,,
Easy Travel Insurance,International Comprehensive $100 Excess,1,Days,5,Days,50,59,101.5,203,203,107.1,214.2,214.2,82.6,165.2,165.2,72.1,144.2,144.2,72.1,144.2,144.2,60.9,121.8,121.8,31.5,63,63,60.9,121.8,121.8
Easy Travel Insurance,International Comprehensive $100 Excess,6,Days,8,Days,50,59,128.8,257.6,257.6,123.2,246.4,246.4,95.9,191.8,191.8,82.6,165.2,165.2,82.6,165.2,165.2,70.7,141.4,141.4,39.9,79.8,79.8,70.7,141.4,141.4
Easy Travel Insurance,International Comprehensive $100 Excess,9,Days,11,Days,50,59,182.7,365.4,365.4,149.8,299.6,299.6,116.2,232.4,232.4,100.1,200.2,200.2,100.1,200.2,200.2,86.8,173.6,173.6,49.7,99.4,99.4,86.8,173.6,173.6
Easy Travel Insurance,International Comprehensive $100 Excess,12,Days,14,Days,50,59,185.5,371,371,170.1,340.2,340.2,133.7,267.4,267.4,116.2,232.4,232.4,114.1,228.2,228.2,100.8,201.6,201.6,56.7,113.4,113.4,100.8,201.6,201.6
Easy Travel Insurance,International Comprehensive $100 Excess,15,Days,17,Days,50,59,189.7,379.4,379.4,173.6,347.2,347.2,140.7,281.4,281.4,123.2,246.4,246.4,116.2,232.4,232.4,107.8,215.6,215.6,70,140,140,107.8,215.6,215.6
Easy Travel Insurance,International Comprehensive $100 Excess,18,Days,20,Days,50,59,220.5,441,441,203.7,407.4,407.4,165.9,331.8,331.8,144.2,288.4,288.4,137.2,274.4,274.4,126,252,252,81.9,163.8,163.8,126,252,252
Easy Travel Insurance,International Comprehensive $100 Excess,21,Days,23,Days,50,59,225.4,450.8,450.8,235.9,471.8,471.8,186.9,373.8,373.8,156.1,312.2,312.2,149.1,298.2,298.2,140,280,280,91,182,182,140,280,280
Easy Travel Insurance,International Comprehensive $100 Excess,24,Days,26,Days,50,59,281.4,562.8,562.8,269.5,539,539,210.7,421.4,421.4,183.4,366.8,366.8,175,350,350,159.6,319.2,319.2,102.2,204.4,204.4,159.6,319.2,319.2
Easy Travel Insurance,International Comprehensive $100 Excess,27,Days,29,Days,50,59,285.6,571.2,571.2,270.9,541.8,541.8,216.3,432.6,432.6,189,378,378,183.4,366.8,366.8,160.3,320.6,320.6,109.9,219.8,219.8,160.3,320.6,320.6
Easy Travel Insurance,International Comprehensive $100 Excess,30,Days,32,Days,50,59,334.6,669.2,669.2,304.5,609,609,240.1,480.2,480.2,209.3,418.6,418.6,205.1,410.2,410.2,177.8,355.6,355.6,115.5,231,231,177.8,355.6,355.6
Easy Travel Insurance,International Comprehensive $100 Excess,33,Days,35,Days,50,59,342.3,684.6,684.6,307.3,614.6,614.6,242.2,484.4,484.4,212.1,424.2,424.2,209.3,418.6,418.6,181.3,362.6,362.6,120.4,240.8,240.8,181.3,362.6,362.6
Easy Travel Insurance,International Comprehensive $100 Excess,36,Days,38,Days,50,59,347.9,695.8,695.8,345.1,690.2,690.2,269.5,539,539,234.5,469,469,234.5,469,469,203.7,407.4,407.4,122.5,245,245,203.7,407.4,407.4
Easy Travel Insurance,International Comprehensive $100 Excess,39,Days,42,Days,50,59,395.5,791,791,383.6,767.2,767.2,298.2,596.4,596.4,260.4,520.8,520.8,260.4,520.8,520.8,226.1,452.2,452.2,124.6,249.2,249.2,226.1,452.2,452.2
Easy Travel Insurance,International Comprehensive $100 Excess,43,Days,45,Days,50,59,397.6,795.2,795.2,418.6,837.2,837.2,326.9,653.8,653.8,284.9,569.8,569.8,281.4,562.8,562.8,247.8,495.6,495.6,128.1,256.2,256.2,247.8,495.6,495.6
Easy Travel Insurance,International Comprehensive $100 Excess,46,Days,49,Days,50,59,455,910,910,423.5,847,847,330.4,660.8,660.8,289.1,578.2,578.2,289.1,578.2,578.2,251.3,502.6,502.6,136.5,273,273,251.3,502.6,502.6
Easy Travel Insurance,International Comprehensive $100 Excess,50,Days,56,Days,50,59,505.4,1010.8,1010.8,448,896,896,350,700,700,305.9,611.8,611.8,305.9,611.8,611.8,259,518,518,142.8,285.6,285.6,259,518,518
Easy Travel Insurance,International Comprehensive $100 Excess,57,Days,63,Days,50,59,532.7,1065.4,1065.4,471.8,943.6,943.6,369.6,739.2,739.2,321.3,642.6,642.6,321.3,642.6,642.6,262.5,525,525,154,308,308,262.5,525,525
Easy Travel Insurance,International Comprehensive $100 Excess,64,Days,70,Days,50,59,585.2,1170.4,1170.4,616,1232,1232,487.2,974.4,974.4,410.9,821.8,821.8,410.9,821.8,821.8,269.5,539,539,164.5,329,329,269.5,539,539
Easy Travel Insurance,International Comprehensive $100 Excess,71,Days,91,Days,50,59,697.2,1394.4,1394.4,625.1,1250.2,1250.2,490.7,981.4,981.4,417.9,835.8,835.8,417.9,835.8,835.8,273,546,546,180.6,361.2,361.2,273,546,546
Easy Travel Insurance,International Comprehensive $100 Excess,92,Days,119,Days,50,59,798,1596,1596,764.4,1528.8,1528.8,595.7,1191.4,1191.4,506.8,1013.6,1013.6,506.8,1013.6,1013.6,434.7,869.4,869.4,198.1,396.2,396.2,434.7,869.4,869.4
Easy Travel Insurance,International Comprehensive $100 Excess,120,Days,154,Days,50,59,925.4,1850.8,1850.8,879.2,1758.4,1758.4,645.4,1290.8,1290.8,580.3,1160.6,1160.6,580.3,1160.6,1160.6,580.3,1160.6,1160.6,228.2,456.4,456.4,580.3,1160.6,1160.6
Easy Travel Insurance,International Comprehensive $100 Excess,155,Days,183,Days,50,59,1068.9,2137.8,2137.8,1009.4,2018.8,2018.8,770.7,1541.4,1541.4,692.3,1384.6,1384.6,692.3,1384.6,1384.6,692.3,1384.6,1384.6,251.3,502.6,502.6,692.3,1384.6,1384.6
Easy Travel Insurance,International Comprehensive $100 Excess,184,Days,214,Days,50,59,1236.2,2472.4,2472.4,1165.5,2331,2331,891.8,1783.6,1783.6,779.8,1559.6,1559.6,779.8,1559.6,1559.6,,,,,,,,,
Easy Travel Insurance,International Comprehensive $100 Excess,215,Days,244,Days,50,59,1367.1,2734.2,2734.2,1294.3,2588.6,2588.6,991.2,1982.4,1982.4,828.8,1657.6,1657.6,828.8,1657.6,1657.6,,,,,,,,,
Easy Travel Insurance,International Comprehensive $100 Excess,245,Days,275,Days,50,59,1502.2,3004.4,3004.4,1444.1,2888.2,2888.2,1105.3,2210.6,2210.6,945,1890,1890,945,1890,1890,,,,,,,,,
Easy Travel Insurance,International Comprehensive $100 Excess,276,Days,305,Days,50,59,1600.2,3200.4,3200.4,1567.3,3134.6,3134.6,1153.6,2307.2,2307.2,1011.5,2023,2023,1011.5,2023,2023,,,,,,,,,
Easy Travel Insurance,International Comprehensive $100 Excess,306,Days,336,Days,50,59,1739.5,3479,3479,1691.2,3382.4,3382.4,1246,2492,2492,1099,2198,2198,1099,2198,2198,,,,,,,,,
Easy Travel Insurance,International Comprehensive $100 Excess,337,Days,365,Days,50,59,1816.5,3633,3633,1768.2,3536.4,3536.4,1299.9,2599.8,2599.8,1165.5,2331,2331,1165.5,2331,2331,,,,,,,,,
Easy Travel Insurance,International Comprehensive $100 Excess,1,Days,5,Days,60,64,123.2,246.4,246.4,121.8,243.6,243.6,93.8,187.6,187.6,81.9,163.8,163.8,81.9,163.8,163.8,70,140,140,55.3,110.6,110.6,70,140,140
Easy Travel Insurance,International Comprehensive $100 Excess,6,Days,8,Days,60,64,155.4,310.8,310.8,140,280,280,109.2,218.4,218.4,93.8,187.6,187.6,93.8,187.6,187.6,81.2,162.4,162.4,62.3,124.6,124.6,81.2,162.4,162.4
Easy Travel Insurance,International Comprehensive $100 Excess,9,Days,11,Days,60,64,217.7,435.4,435.4,170.1,340.2,340.2,132.3,264.6,264.6,114.1,228.2,228.2,114.1,228.2,228.2,106.4,212.8,212.8,79.1,158.2,158.2,106.4,212.8,212.8
Easy Travel Insurance,International Comprehensive $100 Excess,12,Days,14,Days,60,64,220.5,441,441,197.4,394.8,394.8,151.9,303.8,303.8,132.3,264.6,264.6,132.3,264.6,264.6,114.8,229.6,229.6,94.5,189,189,114.8,229.6,229.6
Easy Travel Insurance,International Comprehensive $100 Excess,15,Days,17,Days,60,64,224,448,448,204.4,408.8,408.8,158.9,317.8,317.8,139.3,278.6,278.6,132.3,264.6,264.6,121.8,243.6,243.6,105.7,211.4,211.4,121.8,243.6,243.6
Easy Travel Insurance,International Comprehensive $100 Excess,18,Days,20,Days,60,64,259,518,518,231,462,462,186.9,373.8,373.8,163.1,326.2,326.2,156.1,312.2,312.2,142.1,284.2,284.2,126,252,252,142.1,284.2,284.2
Easy Travel Insurance,International Comprehensive $100 Excess,21,Days,23,Days,60,64,266,532,532,267.4,534.8,534.8,214.2,428.4,428.4,176.4,352.8,352.8,169.4,338.8,338.8,158.2,316.4,316.4,140.7,281.4,281.4,158.2,316.4,316.4
Easy Travel Insurance,International Comprehensive $100 Excess,24,Days,26,Days,60,64,319.9,639.8,639.8,307.3,614.6,614.6,239.4,478.8,478.8,207.9,415.8,415.8,207.9,415.8,415.8,177.8,355.6,355.6,152.6,305.2,305.2,177.8,355.6,355.6
Easy Travel Insurance,International Comprehensive $100 Excess,27,Days,29,Days,60,64,328.3,656.6,656.6,314.3,628.6,628.6,246.4,492.8,492.8,214.9,429.8,429.8,214.9,429.8,429.8,182,364,364,164.5,329,329,182,364,364
Easy Travel Insurance,International Comprehensive $100 Excess,30,Days,32,Days,60,64,392.7,785.4,785.4,342.3,684.6,684.6,272.3,544.6,544.6,237.3,474.6,474.6,237.3,474.6,474.6,202.3,404.6,404.6,173.6,347.2,347.2,202.3,404.6,404.6
Easy Travel Insurance,International Comprehensive $100 Excess,33,Days,35,Days,60,64,395.5,791,791,348.6,697.2,697.2,278.6,557.2,557.2,242.2,484.4,484.4,244.3,488.6,488.6,206.5,413,413,189,378,378,206.5,413,413
Easy Travel Insurance,International Comprehensive $100 Excess,36,Days,38,Days,60,64,399.7,799.4,799.4,391.3,782.6,782.6,305.2,610.4,610.4,266,532,532,266,532,532,231,462,462,203,406,406,231,462,462
Easy Travel Insurance,International Comprehensive $100 Excess,39,Days,42,Days,60,64,464.1,928.2,928.2,434.7,869.4,869.4,345.1,690.2,690.2,295.4,590.8,590.8,295.4,590.8,590.8,256.2,512.4,512.4,219.8,439.6,439.6,256.2,512.4,512.4
Easy Travel Insurance,International Comprehensive $100 Excess,43,Days,45,Days,60,64,469,938,938,474.6,949.2,949.2,373.1,746.2,746.2,327.6,655.2,655.2,327.6,655.2,655.2,281.4,562.8,562.8,235.2,470.4,470.4,281.4,562.8,562.8
Easy Travel Insurance,International Comprehensive $100 Excess,46,Days,49,Days,60,64,525.7,1051.4,1051.4,479.5,959,959,374.5,749,749,334.6,669.2,669.2,334.6,669.2,669.2,285.6,571.2,571.2,252.7,505.4,505.4,285.6,571.2,571.2
Easy Travel Insurance,International Comprehensive $100 Excess,50,Days,56,Days,60,64,582.4,1164.8,1164.8,507.5,1015,1015,396.2,792.4,792.4,346.5,693,693,346.5,693,693,297.5,595,595,264.6,529.2,529.2,297.5,595,595
Easy Travel Insurance,International Comprehensive $100 Excess,57,Days,63,Days,60,64,613.2,1226.4,1226.4,534.8,1069.6,1069.6,418.6,837.2,837.2,364.7,729.4,729.4,364.7,729.4,729.4,,,,,,,,,
Easy Travel Insurance,International Comprehensive $100 Excess,64,Days,70,Days,60,64,674.8,1349.6,1349.6,700,1400,1400,555.8,1111.6,1111.6,480.2,960.4,960.4,473.2,946.4,946.4,,,,,,,,,
Easy Travel Insurance,International Comprehensive $100 Excess,71,Days,91,Days,60,64,803.6,1607.2,1607.2,707.7,1415.4,1415.4,562.8,1125.6,1125.6,473.2,946.4,946.4,473.2,946.4,946.4,,,,,,,,,
Easy Travel Insurance,International Comprehensive $100 Excess,92,Days,119,Days,60,64,920.5,1841,1841,863.8,1727.6,1727.6,673.4,1346.8,1346.8,572.6,1145.2,1145.2,572.6,1145.2,1145.2,,,,,,,,,
Easy Travel Insurance,International Comprehensive $100 Excess,120,Days,154,Days,60,64,1067.5,2135,2135,994,1988,1988,729.4,1458.8,1458.8,655.9,1311.8,1311.8,655.9,1311.8,1311.8,,,,,,,,,
Easy Travel Insurance,International Comprehensive $100 Excess,155,Days,183,Days,60,64,1232.7,2465.4,2465.4,1141,2282,2282,870.8,1741.6,1741.6,782.6,1565.2,1565.2,782.6,1565.2,1565.2,,,,,,,,,
Easy Travel Insurance,International Comprehensive $100 Excess,184,Days,214,Days,60,64,1425.9,2851.8,2851.8,1317.4,2634.8,2634.8,1008,2016,2016,882,1764,1764,882,1764,1764,,,,,,,,,
Easy Travel Insurance,International Comprehensive $100 Excess,215,Days,244,Days,60,64,1576.4,3152.8,3152.8,1463.7,2927.4,2927.4,1120,2240,2240,936.6,1873.2,1873.2,936.6,1873.2,1873.2,,,,,,,,,
Easy Travel Insurance,International Comprehensive $100 Excess,245,Days,275,Days,60,64,1733.2,3466.4,3466.4,1632.4,3264.8,3264.8,1249.5,2499,2499,1068.2,2136.4,2136.4,1068.2,2136.4,2136.4,,,,,,,,,
Easy Travel Insurance,International Comprehensive $100 Excess,276,Days,305,Days,60,64,1845.9,3691.8,3691.8,1771.7,3543.4,3543.4,1304.1,2608.2,2608.2,1143.1,2286.2,2286.2,1143.1,2286.2,2286.2,,,,,,,,,
Easy Travel Insurance,International Comprehensive $100 Excess,306,Days,336,Days,60,64,2006.9,4013.8,4013.8,1911.7,3823.4,3823.4,1408.4,2816.8,2816.8,1242.5,2485,2485,1242.5,2485,2485,,,,,,,,,
Easy Travel Insurance,International Comprehensive $100 Excess,337,Days,365,Days,60,64,2095.8,4191.6,4191.6,1999.2,3998.4,3998.4,1469.3,2938.6,2938.6,1317.4,2634.8,2634.8,1317.4,2634.8,2634.8,,,,,,,,,
Easy Travel Insurance,International Comprehensive $100 Excess,1,Days,5,Days,65,69,123.2,246.4,246.4,121.8,243.6,243.6,93.8,187.6,187.6,81.9,163.8,163.8,81.9,163.8,163.8,77,154,154,61.6,123.2,123.2,77,154,154
Easy Travel Insurance,International Comprehensive $100 Excess,6,Days,8,Days,65,69,155.4,310.8,310.8,140,280,280,109.2,218.4,218.4,93.8,187.6,187.6,93.8,187.6,187.6,88.2,176.4,176.4,69.3,138.6,138.6,88.2,176.4,176.4
Easy Travel Insurance,International Comprehensive $100 Excess,9,Days,11,Days,65,69,217.7,435.4,435.4,170.1,340.2,340.2,132.3,264.6,264.6,114.1,228.2,228.2,114.1,228.2,228.2,106.4,212.8,212.8,88.2,176.4,176.4,106.4,212.8,212.8
Easy Travel Insurance,International Comprehensive $100 Excess,12,Days,14,Days,65,69,220.5,441,441,197.4,394.8,394.8,151.9,303.8,303.8,132.3,264.6,264.6,132.3,264.6,264.6,114.8,229.6,229.6,106.4,212.8,212.8,114.8,229.6,229.6
Easy Travel Insurance,International Comprehensive $100 Excess,15,Days,17,Days,65,69,224,448,448,204.4,408.8,408.8,158.9,317.8,317.8,139.3,278.6,278.6,132.3,264.6,264.6,121.8,243.6,243.6,119,238,238,121.8,243.6,243.6
Easy Travel Insurance,International Comprehensive $100 Excess,18,Days,20,Days,65,69,259,518,518,231,462,462,186.9,373.8,373.8,163.1,326.2,326.2,156.1,312.2,312.2,142.1,284.2,284.2,142.8,285.6,285.6,142.1,284.2,284.2
Easy Travel Insurance,International Comprehensive $100 Excess,21,Days,23,Days,65,69,266,532,532,267.4,534.8,534.8,214.2,428.4,428.4,176.4,352.8,352.8,169.4,338.8,338.8,163.1,326.2,326.2,159.6,319.2,319.2,163.1,326.2,326.2
Easy Travel Insurance,International Comprehensive $100 Excess,24,Days,26,Days,65,69,319.9,639.8,639.8,307.3,614.6,614.6,239.4,478.8,478.8,207.9,415.8,415.8,207.9,415.8,415.8,182.7,365.4,365.4,172.9,345.8,345.8,182.7,365.4,365.4
Easy Travel Insurance,International Comprehensive $100 Excess,27,Days,29,Days,65,69,328.3,656.6,656.6,314.3,628.6,628.6,246.4,492.8,492.8,214.9,429.8,429.8,214.9,429.8,429.8,188.3,376.6,376.6,186.9,373.8,373.8,188.3,376.6,376.6
Easy Travel Insurance,International Comprehensive $100 Excess,30,Days,32,Days,65,69,392.7,785.4,785.4,342.3,684.6,684.6,272.3,544.6,544.6,237.3,474.6,474.6,237.3,474.6,474.6,210,420,420,196.7,393.4,393.4,210,420,420
Easy Travel Insurance,International Comprehensive $100 Excess,33,Days,35,Days,65,69,395.5,791,791,348.6,697.2,697.2,278.6,557.2,557.2,242.2,484.4,484.4,244.3,488.6,488.6,213.5,427,427,214.9,429.8,429.8,213.5,427,427
Easy Travel Insurance,International Comprehensive $100 Excess,36,Days,38,Days,65,69,399.7,799.4,799.4,391.3,782.6,782.6,305.2,610.4,610.4,266,532,532,266,532,532,238,476,476,231,462,462,238,476,476
Easy Travel Insurance,International Comprehensive $100 Excess,39,Days,42,Days,65,69,464.1,928.2,928.2,434.7,869.4,869.4,345.1,690.2,690.2,295.4,590.8,590.8,295.4,590.8,590.8,263.2,526.4,526.4,249.9,499.8,499.8,263.2,526.4,526.4
Easy Travel Insurance,International Comprehensive $100 Excess,43,Days,45,Days,65,69,469,938,938,474.6,949.2,949.2,373.1,746.2,746.2,327.6,655.2,655.2,327.6,655.2,655.2,289.1,578.2,578.2,268.1,536.2,536.2,289.1,578.2,578.2
Easy Travel Insurance,International Comprehensive $100 Excess,46,Days,49,Days,65,69,525.7,1051.4,1051.4,479.5,959,959,374.5,749,749,334.6,669.2,669.2,334.6,669.2,669.2,292.6,585.2,585.2,287.7,575.4,575.4,292.6,585.2,585.2
Easy Travel Insurance,International Comprehensive $100 Excess,50,Days,56,Days,65,69,582.4,1164.8,1164.8,507.5,1015,1015,396.2,792.4,792.4,346.5,693,693,346.5,693,693,304.5,609,609,301.7,603.4,603.4,304.5,609,609
Easy Travel Insurance,International Comprehensive $100 Excess,57,Days,63,Days,65,69,613.2,1226.4,1226.4,534.8,1069.6,1069.6,418.6,837.2,837.2,364.7,729.4,729.4,364.7,729.4,729.4,,,,,,,,,
Easy Travel Insurance,International Comprehensive $100 Excess,64,Days,70,Days,65,69,674.8,1349.6,1349.6,700,1400,1400,555.8,1111.6,1111.6,480.2,960.4,960.4,473.2,946.4,946.4,,,,,,,,,
Easy Travel Insurance,International Comprehensive $100 Excess,71,Days,91,Days,65,69,803.6,1607.2,1607.2,707.7,1415.4,1415.4,562.8,1125.6,1125.6,473.2,946.4,946.4,473.2,946.4,946.4,,,,,,,,,
Easy Travel Insurance,International Comprehensive $100 Excess,92,Days,119,Days,65,69,920.5,1841,1841,863.8,1727.6,1727.6,673.4,1346.8,1346.8,572.6,1145.2,1145.2,572.6,1145.2,1145.2,,,,,,,,,
Easy Travel Insurance,International Comprehensive $100 Excess,120,Days,154,Days,65,69,1067.5,2135,2135,994,1988,1988,729.4,1458.8,1458.8,655.9,1311.8,1311.8,655.9,1311.8,1311.8,,,,,,,,,
Easy Travel Insurance,International Comprehensive $100 Excess,155,Days,183,Days,65,69,1232.7,2465.4,2465.4,1141,2282,2282,870.8,1741.6,1741.6,782.6,1565.2,1565.2,782.6,1565.2,1565.2,,,,,,,,,
Easy Travel Insurance,International Comprehensive $100 Excess,184,Days,214,Days,65,69,1425.9,2851.8,2851.8,1317.4,2634.8,2634.8,1008,2016,2016,882,1764,1764,882,1764,1764,,,,,,,,,
Easy Travel Insurance,International Comprehensive $100 Excess,215,Days,244,Days,65,69,1576.4,3152.8,3152.8,1463.7,2927.4,2927.4,1120,2240,2240,936.6,1873.2,1873.2,936.6,1873.2,1873.2,,,,,,,,,
Easy Travel Insurance,International Comprehensive $100 Excess,245,Days,275,Days,65,69,1733.2,3466.4,3466.4,1632.4,3264.8,3264.8,1249.5,2499,2499,1068.2,2136.4,2136.4,1068.2,2136.4,2136.4,,,,,,,,,
Easy Travel Insurance,International Comprehensive $100 Excess,276,Days,305,Days,65,69,1845.9,3691.8,3691.8,1771.7,3543.4,3543.4,1304.1,2608.2,2608.2,1143.1,2286.2,2286.2,1143.1,2286.2,2286.2,,,,,,,,,
Easy Travel Insurance,International Comprehensive $100 Excess,306,Days,336,Days,65,69,2006.9,4013.8,4013.8,1911.7,3823.4,3823.4,1408.4,2816.8,2816.8,1242.5,2485,2485,1242.5,2485,2485,,,,,,,,,
Easy Travel Insurance,International Comprehensive $100 Excess,337,Days,365,Days,65,69,2095.8,4191.6,4191.6,1999.2,3998.4,3998.4,1469.3,2938.6,2938.6,1317.4,2634.8,2634.8,1317.4,2634.8,2634.8,,,,,,,,,
Easy Travel Insurance,International Comprehensive $100 Excess,1,Days,5,Days,70,74,218.4,436.8,436.8,182,364,364,140.7,281.4,281.4,123.2,246.4,246.4,123.2,246.4,246.4,105.7,211.4,211.4,67.2,134.4,134.4,105.7,211.4,211.4
Easy Travel Insurance,International Comprehensive $100 Excess,6,Days,8,Days,70,74,276.5,553,553,207.9,415.8,415.8,162.4,324.8,324.8,140.7,281.4,281.4,140.7,281.4,281.4,121.8,243.6,243.6,91,182,182,121.8,243.6,243.6
Easy Travel Insurance,International Comprehensive $100 Excess,9,Days,11,Days,70,74,387.8,775.6,775.6,252,504,504,196.7,393.4,393.4,170.1,340.2,340.2,170.1,340.2,340.2,148.4,296.8,296.8,116.9,233.8,233.8,148.4,296.8,296.8
Easy Travel Insurance,International Comprehensive $100 Excess,12,Days,14,Days,70,74,395.5,791,791,289.1,578.2,578.2,228.9,457.8,457.8,200.9,401.8,401.8,193.2,386.4,386.4,171.5,343,343,142.1,284.2,284.2,171.5,343,343
Easy Travel Insurance,International Comprehensive $100 Excess,15,Days,17,Days,70,74,397.6,795.2,795.2,291.2,582.4,582.4,232.4,464.8,464.8,203.7,407.4,407.4,196.7,393.4,393.4,178.5,357,357,160.3,320.6,320.6,178.5,357,357
Easy Travel Insurance,International Comprehensive $100 Excess,18,Days,20,Days,70,74,464.1,928.2,928.2,340.9,681.8,681.8,273.7,547.4,547.4,238.7,477.4,477.4,231.7,463.4,463.4,207.9,415.8,415.8,193.2,386.4,386.4,207.9,415.8,415.8
Easy Travel Insurance,International Comprehensive $100 Excess,21,Days,23,Days,70,74,471.1,942.2,942.2,394.1,788.2,788.2,312.9,625.8,625.8,257.6,515.2,515.2,252,504,504,238.7,477.4,477.4,217,434,434,238.7,477.4,477.4
Easy Travel Insurance,International Comprehensive $100 Excess,24,Days,26,Days,70,74,578.2,1156.4,1156.4,448.7,897.4,897.4,357.7,715.4,715.4,312.2,624.4,624.4,304.5,609,609,270.9,541.8,541.8,235.2,470.4,470.4,270.9,541.8,541.8
Easy Travel Insurance,International Comprehensive $100 Excess,27,Days,29,Days,70,74,583.1,1166.2,1166.2,452.2,904.4,904.4,359.8,719.6,719.6,314.3,628.6,628.6,307.3,614.6,614.6,275.1,550.2,550.2,254.8,509.6,509.6,275.1,550.2,550.2
Easy Travel Insurance,International Comprehensive $100 Excess,30,Days,32,Days,70,74,700,1400,1400,509.6,1019.2,1019.2,403.2,806.4,806.4,350,700,700,345.1,690.2,690.2,307.3,614.6,614.6,268.1,536.2,536.2,307.3,614.6,614.6
Easy Travel Insurance,International Comprehensive $100 Excess,33,Days,35,Days,70,74,707.7,1415.4,1415.4,512.4,1024.8,1024.8,408.1,816.2,816.2,357,714,714,350,700,700,311.5,623,623,293.3,586.6,586.6,311.5,623,623
Easy Travel Insurance,International Comprehensive $100 Excess,36,Days,38,Days,70,74,709.8,1419.6,1419.6,575.4,1150.8,1150.8,456.4,912.8,912.8,399.7,799.4,799.4,392.7,785.4,785.4,347.9,695.8,695.8,315.7,631.4,631.4,347.9,695.8,695.8
Easy Travel Insurance,International Comprehensive $100 Excess,39,Days,42,Days,70,74,829.5,1659,1659,638.4,1276.8,1276.8,504.7,1009.4,1009.4,441.7,883.4,883.4,434.7,869.4,869.4,378,756,756,341.6,683.2,683.2,378,756,756
Easy Travel Insurance,International Comprehensive $100 Excess,43,Days,45,Days,70,74,833,1666,1666,700,1400,1400,550.2,1100.4,1100.4,479.5,959,959,479.5,959,959,418.6,837.2,837.2,368.9,737.8,737.8,418.6,837.2,837.2
Easy Travel Insurance,International Comprehensive $100 Excess,46,Days,49,Days,70,74,932.4,1864.8,1864.8,704.2,1408.4,1408.4,550.9,1101.8,1101.8,481.6,963.2,963.2,481.6,963.2,963.2,420,840,840,396.2,792.4,792.4,420,840,840
Easy Travel Insurance,International Comprehensive $100 Excess,50,Days,56,Days,70,74,1032.5,2065,2065,744.8,1489.6,1489.6,588,1176,1176,509.6,1019.2,1019.2,509.6,1019.2,1019.2,437.5,875,875,415.8,831.6,831.6,437.5,875,875
Easy Travel Insurance,International Comprehensive $100 Excess,57,Days,63,Days,70,74,,,,784.7,1569.4,1569.4,614.6,1229.2,1229.2,535.5,1071,1071,535.5,1071,1071,,,,,,,,,
Easy Travel Insurance,International Comprehensive $100 Excess,64,Days,70,Days,70,74,,,,1034.6,2069.2,2069.2,815.5,1631,1631,692.3,1384.6,1384.6,692.3,1384.6,1384.6,,,,,,,,,
Easy Travel Insurance,International Comprehensive $100 Excess,71,Days,91,Days,70,74,,,,1037.4,2074.8,2074.8,815.5,1631,1631,695.1,1390.2,1390.2,695.1,1390.2,1390.2,,,,,,,,,
Easy Travel Insurance,International Comprehensive $100 Excess,1,Days,5,Days,75,79,310.8,621.6,621.6,248.5,497,497,194.6,389.2,389.2,171.5,343,343,171.5,343,343,148.4,296.8,296.8,79.1,158.2,158.2,148.4,296.8,296.8
Easy Travel Insurance,International Comprehensive $100 Excess,6,Days,8,Days,75,79,391.3,782.6,782.6,282.8,565.6,565.6,223.3,446.6,446.6,194.6,389.2,389.2,194.6,389.2,389.2,169.4,338.8,338.8,107.1,214.2,214.2,169.4,338.8,338.8
Easy Travel Insurance,International Comprehensive $100 Excess,9,Days,11,Days,75,79,548.1,1096.2,1096.2,340.9,681.8,681.8,267.4,534.8,534.8,233.1,466.2,466.2,233.1,466.2,466.2,204.4,408.8,408.8,138.6,277.2,277.2,204.4,408.8,408.8
Easy Travel Insurance,International Comprehensive $100 Excess,12,Days,14,Days,75,79,552.3,1104.6,1104.6,387.8,775.6,775.6,305.9,611.8,611.8,267.4,534.8,534.8,263.2,526.4,526.4,233.1,466.2,466.2,184.8,369.6,369.6,233.1,466.2,466.2
Easy Travel Insurance,International Comprehensive $100 Excess,15,Days,17,Days,75,79,556.5,1113,1113,392.7,785.4,785.4,308,616,616,269.5,539,539,267.4,534.8,534.8,235.2,470.4,470.4,209.3,418.6,418.6,235.2,470.4,470.4
Easy Travel Insurance,International Comprehensive $100 Excess,18,Days,20,Days,75,79,654.5,1309,1309,458.5,917,917,366.1,732.2,732.2,319.2,638.4,638.4,313.6,627.2,627.2,273.7,547.4,547.4,254.1,508.2,508.2,273.7,547.4,547.4
Easy Travel Insurance,International Comprehensive $100 Excess,21,Days,23,Days,75,79,658,1316,1316,527.8,1055.6,1055.6,412.3,824.6,824.6,352.1,704.2,704.2,338.8,677.6,677.6,313.6,627.2,627.2,284.9,569.8,569.8,313.6,627.2,627.2
Easy Travel Insurance,International Comprehensive $100 Excess,24,Days,26,Days,75,79,806.4,1612.8,1612.8,601.3,1202.6,1202.6,473.9,947.8,947.8,413.7,827.4,827.4,410.9,821.8,821.8,357.7,715.4,715.4,309.4,618.8,618.8,357.7,715.4,715.4
Easy Travel Insurance,International Comprehensive $100 Excess,27,Days,29,Days,75,79,810.6,1621.2,1621.2,604.8,1209.6,1209.6,478.8,957.6,957.6,414.4,828.8,828.8,413.7,827.4,827.4,361.9,723.8,723.8,336,672,672,361.9,723.8,723.8
Easy Travel Insurance,International Comprehensive $100 Excess,30,Days,32,Days,75,79,973.7,1947.4,1947.4,680.4,1360.8,1360.8,536.9,1073.8,1073.8,469.7,939.4,939.4,465.5,931,931,406,812,812,353.5,707,707,406,812,812
Easy Travel Insurance,International Comprehensive $100 Excess,33,Days,35,Days,75,79,981.4,1962.8,1962.8,683.2,1366.4,1366.4,543.2,1086.4,1086.4,470.4,940.8,940.8,469.7,939.4,939.4,410.2,820.4,820.4,387.1,774.2,774.2,410.2,820.4,820.4
Easy Travel Insurance,International Comprehensive $100 Excess,36,Days,38,Days,75,79,984.2,1968.4,1968.4,766.5,1533,1533,600.6,1201.2,1201.2,525.7,1051.4,1051.4,525.7,1051.4,1051.4,458.5,917,917,417.2,834.4,834.4,458.5,917,917
Easy Travel Insurance,International Comprehensive $100 Excess,39,Days,42,Days,75,79,1148.7,2297.4,2297.4,849.1,1698.2,1698.2,664.3,1328.6,1328.6,581.7,1163.4,1163.4,581.7,1163.4,1163.4,506.1,1012.2,1012.2,452.2,904.4,904.4,506.1,1012.2,1012.2
Easy Travel Insurance,International Comprehensive $100 Excess,43,Days,45,Days,75,79,1152.9,2305.8,2305.8,931,1862,1862,730.1,1460.2,1460.2,639.1,1278.2,1278.2,639.1,1278.2,1278.2,555.1,1110.2,1110.2,452.2,904.4,904.4,555.1,1110.2,1110.2
Easy Travel Insurance,International Comprehensive $100 Excess,46,Days,49,Days,75,79,1288.7,2577.4,2577.4,935.9,1871.8,1871.8,733.6,1467.2,1467.2,643.3,1286.6,1286.6,643.3,1286.6,1286.6,562.1,1124.2,1124.2,479.5,959,959,562.1,1124.2,1124.2
Easy Travel Insurance,International Comprehensive $100 Excess,50,Days,56,Days,75,79,1425.9,2851.8,2851.8,989.8,1979.6,1979.6,775.6,1551.2,1551.2,679.7,1359.4,1359.4,679.7,1359.4,1359.4,585.2,1170.4,1170.4,502.6,1005.2,1005.2,585.2,1170.4,1170.4
Easy Travel Insurance,International Comprehensive $100 Excess,1,Days,5,Days,80,150,452.2,904.4,904.4,471.8,943.6,943.6,369.6,739.2,739.2,325.5,651,651,325.5,651,651,281.4,562.8,562.8,98.7,197.4,197.4,281.4,562.8,562.8
Easy Travel Insurance,International Comprehensive $100 Excess,6,Days,8,Days,80,150,569.8,1139.6,1139.6,537.6,1075.2,1075.2,424.2,848.4,848.4,369.6,739.2,739.2,369.6,739.2,739.2,322,644,644,135.8,271.6,271.6,322,644,644
Easy Travel Insurance,International Comprehensive $100 Excess,9,Days,11,Days,80,150,806.4,1612.8,1612.8,647.5,1295,1295,508.2,1016.4,1016.4,442.4,884.8,884.8,442.4,884.8,884.8,387.8,775.6,775.6,176.4,352.8,352.8,387.8,775.6,775.6
Easy Travel Insurance,International Comprehensive $100 Excess,12,Days,14,Days,80,150,809.9,1619.8,1619.8,742.7,1485.4,1485.4,578.2,1156.4,1156.4,501.9,1003.8,1003.8,506.8,1013.6,1013.6,441,882,882,226.1,452.2,452.2,441,882,882
Easy Travel Insurance,International Comprehensive $100 Excess,15,Days,17,Days,80,150,813.4,1626.8,1626.8,746.2,1492.4,1492.4,581.7,1163.4,1163.4,508.2,1016.4,1016.4,508.2,1016.4,1016.4,445.9,891.8,891.8,269.5,539,539,445.9,891.8,891.8
Easy Travel Insurance,International Comprehensive $100 Excess,18,Days,20,Days,80,150,955.5,1911,1911,870.8,1741.6,1741.6,683.9,1367.8,1367.8,596.4,1192.8,1192.8,596.4,1192.8,1192.8,519.4,1038.8,1038.8,327.6,655.2,655.2,519.4,1038.8,1038.8
Easy Travel Insurance,International Comprehensive $100 Excess,21,Days,23,Days,80,150,959.7,1919.4,1919.4,1002.4,2004.8,2004.8,782.6,1565.2,1565.2,644,1288,1288,644,1288,1288,596.4,1192.8,1192.8,367.5,735,735,596.4,1192.8,1192.8
Easy Travel Insurance,International Comprehensive $100 Excess,24,Days,26,Days,80,150,1179.5,2359,2359,1141,2282,2282,898.1,1796.2,1796.2,784,1568,1568,784,1568,1568,684.6,1369.2,1369.2,399.7,799.4,799.4,684.6,1369.2,1369.2
Easy Travel Insurance,International Comprehensive $100 Excess,27,Days,29,Days,80,150,1185.1,2370.2,2370.2,1148.7,2297.4,2297.4,899.5,1799,1799,786.1,1572.2,1572.2,786.1,1572.2,1572.2,687.4,1374.8,1374.8,434,868,868,687.4,1374.8,1374.8
Easy Travel Insurance,International Comprehensive $100 Excess,30,Days,32,Days,80,150,1430.1,2860.2,2860.2,1293.6,2587.2,2587.2,1016.4,2032.8,2032.8,890.4,1780.8,1780.8,890.4,1780.8,1780.8,776.3,1552.6,1552.6,457.1,914.2,914.2,776.3,1552.6,1552.6
Easy Travel Insurance,International Comprehensive $100 Excess,33,Days,35,Days,80,150,1437.8,2875.6,2875.6,1298.5,2597,2597,1020.6,2041.2,2041.2,892.5,1785,1785,892.5,1785,1785,779.1,1558.2,1558.2,500.5,1001,1001,779.1,1558.2,1558.2
Easy Travel Insurance,International Comprehensive $100 Excess,36,Days,38,Days,80,150,1441.3,2882.6,2882.6,1456,2912,2912,1141,2282,2282,998.2,1996.4,1996.4,998.2,1996.4,1996.4,870.8,1741.6,1741.6,539.7,1079.4,1079.4,870.8,1741.6,1741.6
Easy Travel Insurance,International Comprehensive $100 Excess,39,Days,42,Days,80,150,1688.4,3376.8,3376.8,1612.8,3225.6,3225.6,1262.1,2524.2,2524.2,1104.6,2209.2,2209.2,1104.6,2209.2,2209.2,961.8,1923.6,1923.6,585.2,1170.4,1170.4,961.8,1923.6,1923.6
Easy Travel Insurance,International Comprehensive,1,Days,5,Days,0,49,118.3,236.6,236.6,120.4,240.8,240.8,99.4,198.8,198.8,93.8,187.6,187.6,89.6,179.2,179.2,87.5,175,175,58.1,116.2,116.2,87.5,175,175
Easy Travel Insurance,International Comprehensive,6,Days,8,Days,0,49,142.8,285.6,285.6,134.4,268.8,268.8,115.5,231,231,105.7,211.4,211.4,98.7,197.4,197.4,95.9,191.8,191.8,64.4,128.8,128.8,95.9,191.8,191.8
Easy Travel Insurance,International Comprehensive,9,Days,11,Days,0,49,193.9,387.8,387.8,157.5,315,315,133,266,266,121.1,242.2,242.2,114.1,228.2,228.2,109.9,219.8,219.8,74.9,149.8,149.8,109.9,219.8,219.8
Easy Travel Insurance,International Comprehensive,12,Days,14,Days,0,49,195.3,390.6,390.6,172.9,345.8,345.8,147,294,294,131.6,263.2,263.2,128.1,256.2,256.2,119,238,238,83.3,166.6,166.6,119,238,238
Easy Travel Insurance,International Comprehensive,15,Days,17,Days,0,49,197.4,394.8,394.8,177.8,355.6,355.6,150.5,301,301,135.1,270.2,270.2,135.1,270.2,270.2,121.8,243.6,243.6,105,210,210,121.8,243.6,243.6
Easy Travel Insurance,International Comprehensive,18,Days,20,Days,0,49,226.1,452.2,452.2,204.4,408.8,408.8,172.2,344.4,344.4,153.3,306.6,306.6,153.3,306.6,306.6,137.2,274.4,274.4,116.9,233.8,233.8,137.2,274.4,274.4
Easy Travel Insurance,International Comprehensive,21,Days,23,Days,0,49,229.6,459.2,459.2,231.7,463.4,463.4,192.5,385,385,163.8,327.6,327.6,163.8,327.6,327.6,153.3,306.6,306.6,126,252,252,153.3,306.6,306.6
Easy Travel Insurance,International Comprehensive,24,Days,26,Days,0,49,279.3,558.6,558.6,256.2,512.4,512.4,213.5,427,427,187.6,375.2,375.2,186.9,373.8,373.8,169.4,338.8,338.8,137.2,274.4,274.4,169.4,338.8,338.8
Easy Travel Insurance,International Comprehensive,27,Days,29,Days,0,49,282.1,564.2,564.2,262.5,525,525,217.7,435.4,435.4,193.9,387.8,387.8,189.7,379.4,379.4,172.9,345.8,345.8,144.9,289.8,289.8,172.9,345.8,345.8
Easy Travel Insurance,International Comprehensive,30,Days,32,Days,0,49,332.5,665,665,287,574,574,240.8,481.6,481.6,210.7,421.4,421.4,208.6,417.2,417.2,187.6,375.2,375.2,150.5,301,301,187.6,375.2,375.2
Easy Travel Insurance,International Comprehensive,33,Days,35,Days,0,49,335.3,670.6,670.6,294.7,589.4,589.4,242.9,485.8,485.8,215.6,431.2,431.2,209.3,418.6,418.6,191.8,383.6,383.6,155.4,310.8,310.8,191.8,383.6,383.6
Easy Travel Insurance,International Comprehensive,36,Days,38,Days,0,49,338.8,677.6,677.6,327.6,655.2,655.2,268.1,536.2,536.2,238,476,476,231,462,462,211.4,422.8,422.8,157.5,315,315,211.4,422.8,422.8
Easy Travel Insurance,International Comprehensive,39,Days,42,Days,0,49,378,756,756,360.5,721,721,294,588,588,260.4,520.8,520.8,253.4,506.8,506.8,228.9,457.8,457.8,159.6,319.2,319.2,228.9,457.8,457.8
Easy Travel Insurance,International Comprehensive,43,Days,45,Days,0,49,417.9,835.8,835.8,428.4,856.8,856.8,349.3,698.6,698.6,312.9,625.8,625.8,306.6,613.2,613.2,277.9,555.8,555.8,187.6,375.2,375.2,277.9,555.8,555.8
Easy Travel Insurance,International Comprehensive,46,Days,49,Days,0,49,469.7,939.4,939.4,430.5,861,861,356.3,712.6,712.6,319.2,638.4,638.4,312.9,625.8,625.8,280.7,561.4,561.4,200.9,401.8,401.8,280.7,561.4,561.4
Easy Travel Insurance,International Comprehensive,50,Days,56,Days,0,49,513.8,1027.6,1027.6,451.5,903,903,373.1,746.2,746.2,333.9,667.8,667.8,327.6,655.2,655.2,290.5,581,581,210,420,420,290.5,581,581
Easy Travel Insurance,International Comprehensive,57,Days,63,Days,0,49,539,1078,1078,472.5,945,945,388.5,777,777,342.3,684.6,684.6,341.6,683.2,683.2,296.8,593.6,593.6,224,448,448,296.8,593.6,593.6
Easy Travel Insurance,International Comprehensive,64,Days,70,Days,0,49,585.2,1170.4,1170.4,603.4,1206.8,1206.8,484.4,968.8,968.8,420.7,841.4,841.4,420.7,841.4,841.4,301.7,603.4,603.4,234.5,469,469,301.7,603.4,603.4
Easy Travel Insurance,International Comprehensive,71,Days,91,Days,0,49,686,1372,1372,605.5,1211,1211,488.6,977.2,977.2,425.6,851.2,851.2,425.6,851.2,851.2,306.6,613.2,613.2,250.6,501.2,501.2,306.6,613.2,613.2
Easy Travel Insurance,International Comprehensive,92,Days,119,Days,0,49,776.3,1552.6,1552.6,727.3,1454.6,1454.6,581,1162,1162,503.3,1006.6,1006.6,503.3,1006.6,1006.6,441,882,882,268.1,536.2,536.2,441,882,882
Easy Travel Insurance,International Comprehensive,120,Days,154,Days,0,49,890.4,1780.8,1780.8,827.4,1654.8,1654.8,624.4,1248.8,1248.8,567.7,1135.4,1135.4,567.7,1135.4,1135.4,567.7,1135.4,1135.4,298.2,596.4,596.4,567.7,1135.4,1135.4
Easy Travel Insurance,International Comprehensive,155,Days,183,Days,0,49,1017.8,2035.6,2035.6,940.8,1881.6,1881.6,732.9,1465.8,1465.8,665,1330,1330,665,1330,1330,665,1330,1330,321.3,642.6,642.6,665,1330,1330
Easy Travel Insurance,International Comprehensive,184,Days,214,Days,0,49,1174.6,2349.2,2349.2,1083.6,2167.2,2167.2,845.6,1691.2,1691.2,748.3,1496.6,1496.6,748.3,1496.6,1496.6,,,,,,,,,
Easy Travel Insurance,International Comprehensive,215,Days,244,Days,0,49,1291.5,2583,2583,1195.6,2391.2,2391.2,931.7,1863.4,1863.4,791,1582,1582,791,1582,1582,,,,,,,,,
Easy Travel Insurance,International Comprehensive,245,Days,275,Days,0,49,1411.9,2823.8,2823.8,1325.8,2651.6,2651.6,1031.1,2062.2,2062.2,891.8,1783.6,1783.6,891.8,1783.6,1783.6,,,,,,,,,
Easy Travel Insurance,International Comprehensive,276,Days,305,Days,0,49,1499.4,2998.8,2998.8,1432.9,2865.8,2865.8,1073.1,2146.2,2146.2,949.2,1898.4,1898.4,949.2,1898.4,1898.4,,,,,,,,,
Easy Travel Insurance,International Comprehensive,306,Days,336,Days,0,49,1624.7,3249.4,3249.4,1540.7,3081.4,3081.4,1153.6,2307.2,2307.2,1025.5,2051,2051,1025.5,2051,2051,,,,,,,,,
Easy Travel Insurance,International Comprehensive,337,Days,365,Days,0,49,1693.3,3386.6,3386.6,1607.9,3215.8,3215.8,1200.5,2401,2401,1083.6,2167.2,2167.2,1083.6,2167.2,2167.2,,,,,,,,,
Easy Travel Insurance,International Comprehensive,1,Days,5,Days,50,59,129.5,259,259,135.1,270.2,270.2,110.6,221.2,221.2,100.1,200.2,200.2,100.1,200.2,200.2,88.9,177.8,177.8,58.1,116.2,116.2,88.9,177.8,177.8
Easy Travel Insurance,International Comprehensive,6,Days,8,Days,50,59,156.8,313.6,313.6,151.2,302.4,302.4,123.9,247.8,247.8,110.6,221.2,221.2,110.6,221.2,221.2,98.7,197.4,197.4,64.4,128.8,128.8,98.7,197.4,197.4
Easy Travel Insurance,International Comprehensive,9,Days,11,Days,50,59,210.7,421.4,421.4,177.8,355.6,355.6,144.2,288.4,288.4,128.1,256.2,256.2,128.1,256.2,256.2,114.8,229.6,229.6,74.9,149.8,149.8,114.8,229.6,229.6
Easy Travel Insurance,International Comprehensive,12,Days,14,Days,50,59,213.5,427,427,198.1,396.2,396.2,161.7,323.4,323.4,144.2,288.4,288.4,142.1,284.2,284.2,128.8,257.6,257.6,83.3,166.6,166.6,128.8,257.6,257.6
Easy Travel Insurance,International Comprehensive,15,Days,17,Days,50,59,217.7,435.4,435.4,201.6,403.2,403.2,168.7,337.4,337.4,151.2,302.4,302.4,144.2,288.4,288.4,135.8,271.6,271.6,105,210,210,135.8,271.6,271.6
Easy Travel Insurance,International Comprehensive,18,Days,20,Days,50,59,248.5,497,497,231.7,463.4,463.4,193.9,387.8,387.8,172.2,344.4,344.4,165.2,330.4,330.4,154,308,308,116.9,233.8,233.8,154,308,308
Easy Travel Insurance,International Comprehensive,21,Days,23,Days,50,59,253.4,506.8,506.8,263.9,527.8,527.8,214.9,429.8,429.8,184.1,368.2,368.2,177.1,354.2,354.2,168,336,336,126,252,252,168,336,336
Easy Travel Insurance,International Comprehensive,24,Days,26,Days,50,59,309.4,618.8,618.8,297.5,595,595,238.7,477.4,477.4,211.4,422.8,422.8,203,406,406,187.6,375.2,375.2,137.2,274.4,274.4,187.6,375.2,375.2
Easy Travel Insurance,International Comprehensive,27,Days,29,Days,50,59,313.6,627.2,627.2,298.9,597.8,597.8,244.3,488.6,488.6,217,434,434,211.4,422.8,422.8,188.3,376.6,376.6,144.9,289.8,289.8,188.3,376.6,376.6
Easy Travel Insurance,International Comprehensive,30,Days,32,Days,50,59,362.6,725.2,725.2,332.5,665,665,268.1,536.2,536.2,237.3,474.6,474.6,233.1,466.2,466.2,205.8,411.6,411.6,150.5,301,301,205.8,411.6,411.6
Easy Travel Insurance,International Comprehensive,33,Days,35,Days,50,59,370.3,740.6,740.6,335.3,670.6,670.6,270.2,540.4,540.4,240.1,480.2,480.2,237.3,474.6,474.6,209.3,418.6,418.6,155.4,310.8,310.8,209.3,418.6,418.6
Easy Travel Insurance,International Comprehensive,36,Days,38,Days,50,59,375.9,751.8,751.8,373.1,746.2,746.2,297.5,595,595,262.5,525,525,262.5,525,525,231.7,463.4,463.4,157.5,315,315,231.7,463.4,463.4
Easy Travel Insurance,International Comprehensive,39,Days,42,Days,50,59,423.5,847,847,411.6,823.2,823.2,326.2,652.4,652.4,288.4,576.8,576.8,288.4,576.8,576.8,254.1,508.2,508.2,159.6,319.2,319.2,254.1,508.2,508.2
Easy Travel Insurance,International Comprehensive,43,Days,45,Days,50,59,460.6,921.2,921.2,481.6,963.2,963.2,389.9,779.8,779.8,347.9,695.8,695.8,344.4,688.8,688.8,310.8,621.6,621.6,187.6,375.2,375.2,310.8,621.6,621.6
Easy Travel Insurance,International Comprehensive,46,Days,49,Days,50,59,518,1036,1036,486.5,973,973,393.4,786.8,786.8,352.1,704.2,704.2,352.1,704.2,704.2,314.3,628.6,628.6,200.9,401.8,401.8,314.3,628.6,628.6
Easy Travel Insurance,International Comprehensive,50,Days,56,Days,50,59,568.4,1136.8,1136.8,511,1022,1022,413,826,826,368.9,737.8,737.8,368.9,737.8,737.8,322,644,644,210,420,420,322,644,644
Easy Travel Insurance,International Comprehensive,57,Days,63,Days,50,59,595.7,1191.4,1191.4,534.8,1069.6,1069.6,432.6,865.2,865.2,384.3,768.6,768.6,384.3,768.6,768.6,325.5,651,651,224,448,448,325.5,651,651
Easy Travel Insurance,International Comprehensive,64,Days,70,Days,50,59,648.2,1296.4,1296.4,679,1358,1358,550.2,1100.4,1100.4,473.9,947.8,947.8,473.9,947.8,947.8,332.5,665,665,234.5,469,469,332.5,665,665
Easy Travel Insurance,International Comprehensive,71,Days,91,Days,50,59,760.2,1520.4,1520.4,688.1,1376.2,1376.2,553.7,1107.4,1107.4,480.9,961.8,961.8,480.9,961.8,961.8,336,672,672,250.6,501.2,501.2,336,672,672
Easy Travel Insurance,International Comprehensive,92,Days,119,Days,50,59,861,1722,1722,827.4,1654.8,1654.8,658.7,1317.4,1317.4,569.8,1139.6,1139.6,569.8,1139.6,1139.6,497.7,995.4,995.4,268.1,536.2,536.2,497.7,995.4,995.4
Easy Travel Insurance,International Comprehensive,120,Days,154,Days,50,59,988.4,1976.8,1976.8,942.2,1884.4,1884.4,708.4,1416.8,1416.8,643.3,1286.6,1286.6,643.3,1286.6,1286.6,643.3,1286.6,1286.6,298.2,596.4,596.4,643.3,1286.6,1286.6
Easy Travel Insurance,International Comprehensive,155,Days,183,Days,50,59,1131.9,2263.8,2263.8,1072.4,2144.8,2144.8,833.7,1667.4,1667.4,755.3,1510.6,1510.6,755.3,1510.6,1510.6,755.3,1510.6,1510.6,321.3,642.6,642.6,755.3,1510.6,1510.6
Easy Travel Insurance,International Comprehensive,184,Days,214,Days,50,59,1306.2,2612.4,2612.4,1235.5,2471,2471,961.8,1923.6,1923.6,849.8,1699.6,1699.6,849.8,1699.6,1699.6,,,,,,,,,
Easy Travel Insurance,International Comprehensive,215,Days,244,Days,50,59,1437.1,2874.2,2874.2,1364.3,2728.6,2728.6,1061.2,2122.4,2122.4,898.8,1797.6,1797.6,898.8,1797.6,1797.6,,,,,,,,,
Easy Travel Insurance,International Comprehensive,245,Days,275,Days,50,59,1572.2,3144.4,3144.4,1514.1,3028.2,3028.2,1175.3,2350.6,2350.6,1015,2030,2030,1015,2030,2030,,,,,,,,,
Easy Travel Insurance,International Comprehensive,276,Days,305,Days,50,59,1670.2,3340.4,3340.4,1637.3,3274.6,3274.6,1223.6,2447.2,2447.2,1081.5,2163,2163,1081.5,2163,2163,,,,,,,,,
Easy Travel Insurance,International Comprehensive,306,Days,336,Days,50,59,1809.5,3619,3619,1761.2,3522.4,3522.4,1316,2632,2632,1169,2338,2338,1169,2338,2338,,,,,,,,,
Easy Travel Insurance,International Comprehensive,337,Days,365,Days,50,59,1886.5,3773,3773,1838.2,3676.4,3676.4,1369.9,2739.8,2739.8,1235.5,2471,2471,1235.5,2471,2471,,,,,,,,,
Easy Travel Insurance,International Comprehensive,1,Days,5,Days,60,64,151.2,302.4,302.4,149.8,299.6,299.6,121.8,243.6,243.6,109.9,219.8,219.8,109.9,219.8,219.8,98,196,196,74.2,148.4,148.4,98,196,196
Easy Travel Insurance,International Comprehensive,6,Days,8,Days,60,64,183.4,366.8,366.8,168,336,336,137.2,274.4,274.4,121.8,243.6,243.6,121.8,243.6,243.6,109.2,218.4,218.4,83.3,166.6,166.6,109.2,218.4,218.4
Easy Travel Insurance,International Comprehensive,9,Days,11,Days,60,64,245.7,491.4,491.4,198.1,396.2,396.2,160.3,320.6,320.6,142.1,284.2,284.2,142.1,284.2,284.2,134.4,268.8,268.8,105,210,210,134.4,268.8,268.8
Easy Travel Insurance,International Comprehensive,12,Days,14,Days,60,64,248.5,497,497,225.4,450.8,450.8,179.9,359.8,359.8,160.3,320.6,320.6,160.3,320.6,320.6,142.8,285.6,285.6,126.7,253.4,253.4,142.8,285.6,285.6
Easy Travel Insurance,International Comprehensive,15,Days,17,Days,60,64,252,504,504,232.4,464.8,464.8,186.9,373.8,373.8,167.3,334.6,334.6,160.3,320.6,320.6,149.8,299.6,299.6,140.7,281.4,281.4,149.8,299.6,299.6
Easy Travel Insurance,International Comprehensive,18,Days,20,Days,60,64,287,574,574,259,518,518,214.9,429.8,429.8,191.1,382.2,382.2,184.1,368.2,368.2,170.1,340.2,340.2,161,322,322,170.1,340.2,340.2
Easy Travel Insurance,International Comprehensive,21,Days,23,Days,60,64,294,588,588,295.4,590.8,590.8,242.2,484.4,484.4,204.4,408.8,408.8,197.4,394.8,394.8,186.2,372.4,372.4,175.7,351.4,351.4,186.2,372.4,372.4
Easy Travel Insurance,International Comprehensive,24,Days,26,Days,60,64,347.9,695.8,695.8,335.3,670.6,670.6,267.4,534.8,534.8,235.9,471.8,471.8,235.9,471.8,471.8,205.8,411.6,411.6,187.6,375.2,375.2,205.8,411.6,411.6
Easy Travel Insurance,International Comprehensive,27,Days,29,Days,60,64,356.3,712.6,712.6,342.3,684.6,684.6,274.4,548.8,548.8,242.9,485.8,485.8,242.9,485.8,485.8,210,420,420,199.5,399,399,210,420,420
Easy Travel Insurance,International Comprehensive,30,Days,32,Days,60,64,420.7,841.4,841.4,370.3,740.6,740.6,300.3,600.6,600.6,265.3,530.6,530.6,265.3,530.6,530.6,230.3,460.6,460.6,208.6,417.2,417.2,230.3,460.6,460.6
Easy Travel Insurance,International Comprehensive,33,Days,35,Days,60,64,423.5,847,847,376.6,753.2,753.2,306.6,613.2,613.2,270.2,540.4,540.4,272.3,544.6,544.6,234.5,469,469,224,448,448,234.5,469,469
Easy Travel Insurance,International Comprehensive,36,Days,38,Days,60,64,427.7,855.4,855.4,419.3,838.6,838.6,333.2,666.4,666.4,294,588,588,294,588,588,259,518,518,238,476,476,259,518,518
Easy Travel Insurance,International Comprehensive,39,Days,42,Days,60,64,492.1,984.2,984.2,462.7,925.4,925.4,373.1,746.2,746.2,323.4,646.8,646.8,323.4,646.8,646.8,284.2,568.4,568.4,254.8,509.6,509.6,284.2,568.4,568.4
Easy Travel Insurance,International Comprehensive,43,Days,45,Days,60,64,532,1064,1064,537.6,1075.2,1075.2,436.1,872.2,872.2,390.6,781.2,781.2,390.6,781.2,781.2,344.4,688.8,688.8,305.2,610.4,610.4,344.4,688.8,688.8
Easy Travel Insurance,International Comprehensive,46,Days,49,Days,60,64,588.7,1177.4,1177.4,542.5,1085,1085,437.5,875,875,397.6,795.2,795.2,397.6,795.2,795.2,348.6,697.2,697.2,322.7,645.4,645.4,348.6,697.2,697.2
Easy Travel Insurance,International Comprehensive,50,Days,56,Days,60,64,645.4,1290.8,1290.8,570.5,1141,1141,459.2,918.4,918.4,409.5,819,819,409.5,819,819,360.5,721,721,334.6,669.2,669.2,360.5,721,721
Easy Travel Insurance,International Comprehensive,57,Days,63,Days,60,64,676.2,1352.4,1352.4,597.8,1195.6,1195.6,481.6,963.2,963.2,427.7,855.4,855.4,427.7,855.4,855.4,,,,,,,,,
Easy Travel Insurance,International Comprehensive,64,Days,70,Days,60,64,737.8,1475.6,1475.6,763,1526,1526,618.8,1237.6,1237.6,543.2,1086.4,1086.4,536.2,1072.4,1072.4,,,,,,,,,
Easy Travel Insurance,International Comprehensive,71,Days,91,Days,60,64,866.6,1733.2,1733.2,770.7,1541.4,1541.4,625.8,1251.6,1251.6,536.2,1072.4,1072.4,536.2,1072.4,1072.4,,,,,,,,,
Easy Travel Insurance,International Comprehensive,92,Days,119,Days,60,64,983.5,1967,1967,926.8,1853.6,1853.6,736.4,1472.8,1472.8,635.6,1271.2,1271.2,635.6,1271.2,1271.2,,,,,,,,,
Easy Travel Insurance,International Comprehensive,120,Days,154,Days,60,64,1130.5,2261,2261,1057,2114,2114,792.4,1584.8,1584.8,718.9,1437.8,1437.8,718.9,1437.8,1437.8,,,,,,,,,
Easy Travel Insurance,International Comprehensive,155,Days,183,Days,60,64,1295.7,2591.4,2591.4,1204,2408,2408,933.8,1867.6,1867.6,845.6,1691.2,1691.2,845.6,1691.2,1691.2,,,,,,,,,
Easy Travel Insurance,International Comprehensive,184,Days,214,Days,60,64,1495.9,2991.8,2991.8,1387.4,2774.8,2774.8,1078,2156,2156,952,1904,1904,952,1904,1904,,,,,,,,,
Easy Travel Insurance,International Comprehensive,215,Days,244,Days,60,64,1646.4,3292.8,3292.8,1533.7,3067.4,3067.4,1190,2380,2380,1006.6,2013.2,2013.2,1006.6,2013.2,2013.2,,,,,,,,,
Easy Travel Insurance,International Comprehensive,245,Days,275,Days,60,64,1803.2,3606.4,3606.4,1702.4,3404.8,3404.8,1319.5,2639,2639,1138.2,2276.4,2276.4,1138.2,2276.4,2276.4,,,,,,,,,
Easy Travel Insurance,International Comprehensive,276,Days,305,Days,60,64,1915.9,3831.8,3831.8,1841.7,3683.4,3683.4,1374.1,2748.2,2748.2,1213.1,2426.2,2426.2,1213.1,2426.2,2426.2,,,,,,,,,
Easy Travel Insurance,International Comprehensive,306,Days,336,Days,60,64,2076.9,4153.8,4153.8,1981.7,3963.4,3963.4,1478.4,2956.8,2956.8,1312.5,2625,2625,1312.5,2625,2625,,,,,,,,,
Easy Travel Insurance,International Comprehensive,337,Days,365,Days,60,64,2165.8,4331.6,4331.6,2069.2,4138.4,4138.4,1539.3,3078.6,3078.6,1387.4,2774.8,2774.8,1387.4,2774.8,2774.8,,,,,,,,,
Easy Travel Insurance,International Comprehensive,1,Days,5,Days,65,69,151.2,302.4,302.4,149.8,299.6,299.6,121.8,243.6,243.6,109.9,219.8,219.8,109.9,219.8,219.8,105,210,210,81.9,163.8,163.8,105,210,210
Easy Travel Insurance,International Comprehensive,6,Days,8,Days,65,69,183.4,366.8,366.8,168,336,336,137.2,274.4,274.4,121.8,243.6,243.6,121.8,243.6,243.6,116.2,232.4,232.4,92.4,184.8,184.8,116.2,232.4,232.4
Easy Travel Insurance,International Comprehensive,9,Days,11,Days,65,69,245.7,491.4,491.4,198.1,396.2,396.2,160.3,320.6,320.6,142.1,284.2,284.2,142.1,284.2,284.2,134.4,268.8,268.8,117.6,235.2,235.2,134.4,268.8,268.8
Easy Travel Insurance,International Comprehensive,12,Days,14,Days,65,69,248.5,497,497,225.4,450.8,450.8,179.9,359.8,359.8,160.3,320.6,320.6,160.3,320.6,320.6,142.8,285.6,285.6,141.4,282.8,282.8,142.8,285.6,285.6
Easy Travel Insurance,International Comprehensive,15,Days,17,Days,65,69,252,504,504,232.4,464.8,464.8,186.9,373.8,373.8,167.3,334.6,334.6,160.3,320.6,320.6,149.8,299.6,299.6,154,308,308,149.8,299.6,299.6
Easy Travel Insurance,International Comprehensive,18,Days,20,Days,65,69,287,574,574,259,518,518,214.9,429.8,429.8,191.1,382.2,382.2,184.1,368.2,368.2,170.1,340.2,340.2,177.8,355.6,355.6,170.1,340.2,340.2
Easy Travel Insurance,International Comprehensive,21,Days,23,Days,65,69,294,588,588,295.4,590.8,590.8,242.2,484.4,484.4,204.4,408.8,408.8,197.4,394.8,394.8,191.1,382.2,382.2,194.6,389.2,389.2,191.1,382.2,382.2
Easy Travel Insurance,International Comprehensive,24,Days,26,Days,65,69,347.9,695.8,695.8,335.3,670.6,670.6,267.4,534.8,534.8,235.9,471.8,471.8,235.9,471.8,471.8,210.7,421.4,421.4,207.9,415.8,415.8,210.7,421.4,421.4
Easy Travel Insurance,International Comprehensive,27,Days,29,Days,65,69,356.3,712.6,712.6,342.3,684.6,684.6,274.4,548.8,548.8,242.9,485.8,485.8,242.9,485.8,485.8,216.3,432.6,432.6,221.9,443.8,443.8,216.3,432.6,432.6
Easy Travel Insurance,International Comprehensive,30,Days,32,Days,65,69,420.7,841.4,841.4,370.3,740.6,740.6,300.3,600.6,600.6,265.3,530.6,530.6,265.3,530.6,530.6,238,476,476,231.7,463.4,463.4,238,476,476
Easy Travel Insurance,International Comprehensive,33,Days,35,Days,65,69,423.5,847,847,376.6,753.2,753.2,306.6,613.2,613.2,270.2,540.4,540.4,272.3,544.6,544.6,241.5,483,483,249.9,499.8,499.8,241.5,483,483
Easy Travel Insurance,International Comprehensive,36,Days,38,Days,65,69,427.7,855.4,855.4,419.3,838.6,838.6,333.2,666.4,666.4,294,588,588,294,588,588,266,532,532,266,532,532,266,532,532
Easy Travel Insurance,International Comprehensive,39,Days,42,Days,65,69,492.1,984.2,984.2,462.7,925.4,925.4,373.1,746.2,746.2,323.4,646.8,646.8,323.4,646.8,646.8,291.2,582.4,582.4,284.9,569.8,569.8,291.2,582.4,582.4
Easy Travel Insurance,International Comprehensive,43,Days,45,Days,65,69,532,1064,1064,537.6,1075.2,1075.2,436.1,872.2,872.2,390.6,781.2,781.2,390.6,781.2,781.2,352.1,704.2,704.2,338.1,676.2,676.2,352.1,704.2,704.2
Easy Travel Insurance,International Comprehensive,46,Days,49,Days,65,69,588.7,1177.4,1177.4,542.5,1085,1085,437.5,875,875,397.6,795.2,795.2,397.6,795.2,795.2,355.6,711.2,711.2,357.7,715.4,715.4,355.6,711.2,711.2
Easy Travel Insurance,International Comprehensive,50,Days,56,Days,65,69,645.4,1290.8,1290.8,570.5,1141,1141,459.2,918.4,918.4,409.5,819,819,409.5,819,819,367.5,735,735,371.7,743.4,743.4,367.5,735,735
Easy Travel Insurance,International Comprehensive,57,Days,63,Days,65,69,676.2,1352.4,1352.4,597.8,1195.6,1195.6,481.6,963.2,963.2,427.7,855.4,855.4,427.7,855.4,855.4,,,,,,,,,
Easy Travel Insurance,International Comprehensive,64,Days,70,Days,65,69,737.8,1475.6,1475.6,763,1526,1526,618.8,1237.6,1237.6,543.2,1086.4,1086.4,536.2,1072.4,1072.4,,,,,,,,,
Easy Travel Insurance,International Comprehensive,71,Days,91,Days,65,69,866.6,1733.2,1733.2,770.7,1541.4,1541.4,625.8,1251.6,1251.6,536.2,1072.4,1072.4,536.2,1072.4,1072.4,,,,,,,,,
Easy Travel Insurance,International Comprehensive,92,Days,119,Days,65,69,983.5,1967,1967,926.8,1853.6,1853.6,736.4,1472.8,1472.8,635.6,1271.2,1271.2,635.6,1271.2,1271.2,,,,,,,,,
Easy Travel Insurance,International Comprehensive,120,Days,154,Days,65,69,1130.5,2261,2261,1057,2114,2114,792.4,1584.8,1584.8,718.9,1437.8,1437.8,718.9,1437.8,1437.8,,,,,,,,,
Easy Travel Insurance,International Comprehensive,155,Days,183,Days,65,69,1295.7,2591.4,2591.4,1204,2408,2408,933.8,1867.6,1867.6,845.6,1691.2,1691.2,845.6,1691.2,1691.2,,,,,,,,,
Easy Travel Insurance,International Comprehensive,184,Days,214,Days,65,69,1495.9,2991.8,2991.8,1387.4,2774.8,2774.8,1078,2156,2156,952,1904,1904,952,1904,1904,,,,,,,,,
Easy Travel Insurance,International Comprehensive,215,Days,244,Days,65,69,1646.4,3292.8,3292.8,1533.7,3067.4,3067.4,1190,2380,2380,1006.6,2013.2,2013.2,1006.6,2013.2,2013.2,,,,,,,,,
Easy Travel Insurance,International Comprehensive,245,Days,275,Days,65,69,1803.2,3606.4,3606.4,1702.4,3404.8,3404.8,1319.5,2639,2639,1138.2,2276.4,2276.4,1138.2,2276.4,2276.4,,,,,,,,,
Easy Travel Insurance,International Comprehensive,276,Days,305,Days,65,69,1915.9,3831.8,3831.8,1841.7,3683.4,3683.4,1374.1,2748.2,2748.2,1213.1,2426.2,2426.2,1213.1,2426.2,2426.2,,,,,,,,,
Easy Travel Insurance,International Comprehensive,306,Days,336,Days,65,69,2076.9,4153.8,4153.8,1981.7,3963.4,3963.4,1478.4,2956.8,2956.8,1312.5,2625,2625,1312.5,2625,2625,,,,,,,,,
Easy Travel Insurance,International Comprehensive,337,Days,365,Days,65,69,2165.8,4331.6,4331.6,2069.2,4138.4,4138.4,1539.3,3078.6,3078.6,1387.4,2774.8,2774.8,1387.4,2774.8,2774.8,,,,,,,,,
Easy Travel Insurance,International Comprehensive,1,Days,5,Days,70,74,246.4,492.8,492.8,210,420,420,168.7,337.4,337.4,151.2,302.4,302.4,151.2,302.4,302.4,133.7,267.4,267.4,89.6,179.2,179.2,133.7,267.4,267.4
Easy Travel Insurance,International Comprehensive,6,Days,8,Days,70,74,304.5,609,609,235.9,471.8,471.8,190.4,380.8,380.8,168.7,337.4,337.4,168.7,337.4,337.4,149.8,299.6,299.6,121.1,242.2,242.2,149.8,299.6,299.6
Easy Travel Insurance,International Comprehensive,9,Days,11,Days,70,74,415.8,831.6,831.6,280,560,560,224.7,449.4,449.4,198.1,396.2,396.2,198.1,396.2,396.2,176.4,352.8,352.8,151.9,303.8,303.8,176.4,352.8,352.8
Easy Travel Insurance,International Comprehensive,12,Days,14,Days,70,74,423.5,847,847,317.1,634.2,634.2,256.9,513.8,513.8,228.9,457.8,457.8,221.2,442.4,442.4,199.5,399,399,177.1,354.2,354.2,199.5,399,399
Easy Travel Insurance,International Comprehensive,15,Days,17,Days,70,74,425.6,851.2,851.2,319.2,638.4,638.4,260.4,520.8,520.8,231.7,463.4,463.4,224.7,449.4,449.4,206.5,413,413,195.3,390.6,390.6,206.5,413,413
Easy Travel Insurance,International Comprehensive,18,Days,20,Days,70,74,492.1,984.2,984.2,368.9,737.8,737.8,301.7,603.4,603.4,266.7,533.4,533.4,259.7,519.4,519.4,235.9,471.8,471.8,228.2,456.4,456.4,235.9,471.8,471.8
Easy Travel Insurance,International Comprehensive,21,Days,23,Days,70,74,499.1,998.2,998.2,422.1,844.2,844.2,340.9,681.8,681.8,285.6,571.2,571.2,280,560,560,266.7,533.4,533.4,252,504,504,266.7,533.4,533.4
Easy Travel Insurance,International Comprehensive,24,Days,26,Days,70,74,606.2,1212.4,1212.4,476.7,953.4,953.4,385.7,771.4,771.4,340.2,680.4,680.4,332.5,665,665,298.9,597.8,597.8,270.2,540.4,540.4,298.9,597.8,597.8
Easy Travel Insurance,International Comprehensive,27,Days,29,Days,70,74,611.1,1222.2,1222.2,480.2,960.4,960.4,387.8,775.6,775.6,342.3,684.6,684.6,335.3,670.6,670.6,303.1,606.2,606.2,289.8,579.6,579.6,303.1,606.2,606.2
Easy Travel Insurance,International Comprehensive,30,Days,32,Days,70,74,728,1456,1456,537.6,1075.2,1075.2,431.2,862.4,862.4,378,756,756,373.1,746.2,746.2,335.3,670.6,670.6,303.1,606.2,606.2,335.3,670.6,670.6
Easy Travel Insurance,International Comprehensive,33,Days,35,Days,70,74,735.7,1471.4,1471.4,540.4,1080.8,1080.8,436.1,872.2,872.2,385,770,770,378,756,756,339.5,679,679,328.3,656.6,656.6,339.5,679,679
Easy Travel Insurance,International Comprehensive,36,Days,38,Days,70,74,737.8,1475.6,1475.6,603.4,1206.8,1206.8,484.4,968.8,968.8,427.7,855.4,855.4,420.7,841.4,841.4,375.9,751.8,751.8,350.7,701.4,701.4,375.9,751.8,751.8
Easy Travel Insurance,International Comprehensive,39,Days,42,Days,70,74,857.5,1715,1715,666.4,1332.8,1332.8,532.7,1065.4,1065.4,469.7,939.4,939.4,462.7,925.4,925.4,406,812,812,376.6,753.2,753.2,406,812,812
Easy Travel Insurance,International Comprehensive,43,Days,45,Days,70,74,896,1792,1792,763,1526,1526,613.2,1226.4,1226.4,542.5,1085,1085,542.5,1085,1085,481.6,963.2,963.2,438.9,877.8,877.8,481.6,963.2,963.2
Easy Travel Insurance,International Comprehensive,46,Days,49,Days,70,74,995.4,1990.8,1990.8,767.2,1534.4,1534.4,613.9,1227.8,1227.8,544.6,1089.2,1089.2,544.6,1089.2,1089.2,483,966,966,466.2,932.4,932.4,483,966,966
Easy Travel Insurance,International Comprehensive,50,Days,56,Days,70,74,1095.5,2191,2191,807.8,1615.6,1615.6,651,1302,1302,572.6,1145.2,1145.2,572.6,1145.2,1145.2,500.5,1001,1001,485.8,971.6,971.6,500.5,1001,1001
Easy Travel Insurance,International Comprehensive,57,Days,63,Days,70,74,,,,847.7,1695.4,1695.4,677.6,1355.2,1355.2,598.5,1197,1197,598.5,1197,1197,,,,,,,,,
Easy Travel Insurance,International Comprehensive,64,Days,70,Days,70,74,,,,1097.6,2195.2,2195.2,878.5,1757,1757,755.3,1510.6,1510.6,755.3,1510.6,1510.6,,,,,,,,,
Easy Travel Insurance,International Comprehensive,71,Days,91,Days,70,74,,,,1100.4,2200.8,2200.8,878.5,1757,1757,758.1,1516.2,1516.2,758.1,1516.2,1516.2,,,,,,,,,
Easy Travel Insurance,International Comprehensive,1,Days,5,Days,75,79,338.8,677.6,677.6,276.5,553,553,222.6,445.2,445.2,199.5,399,399,199.5,399,399,176.4,352.8,352.8,105,210,210,176.4,352.8,352.8
Easy Travel Insurance,International Comprehensive,6,Days,8,Days,75,79,419.3,838.6,838.6,310.8,621.6,621.6,251.3,502.6,502.6,222.6,445.2,445.2,222.6,445.2,445.2,197.4,394.8,394.8,142.1,284.2,284.2,197.4,394.8,394.8
Easy Travel Insurance,International Comprehensive,9,Days,11,Days,75,79,576.1,1152.2,1152.2,368.9,737.8,737.8,295.4,590.8,590.8,261.1,522.2,522.2,261.1,522.2,522.2,232.4,464.8,464.8,173.6,347.2,347.2,232.4,464.8,464.8
Easy Travel Insurance,International Comprehensive,12,Days,14,Days,75,79,580.3,1160.6,1160.6,415.8,831.6,831.6,333.9,667.8,667.8,295.4,590.8,590.8,291.2,582.4,582.4,261.1,522.2,522.2,219.8,439.6,439.6,261.1,522.2,522.2
Easy Travel Insurance,International Comprehensive,15,Days,17,Days,75,79,584.5,1169,1169,420.7,841.4,841.4,336,672,672,297.5,595,595,295.4,590.8,590.8,263.2,526.4,526.4,244.3,488.6,488.6,263.2,526.4,526.4
Easy Travel Insurance,International Comprehensive,18,Days,20,Days,75,79,682.5,1365,1365,486.5,973,973,394.1,788.2,788.2,347.2,694.4,694.4,341.6,683.2,683.2,301.7,603.4,603.4,289.1,578.2,578.2,301.7,603.4,603.4
Easy Travel Insurance,International Comprehensive,21,Days,23,Days,75,79,686,1372,1372,555.8,1111.6,1111.6,440.3,880.6,880.6,380.1,760.2,760.2,366.8,733.6,733.6,341.6,683.2,683.2,319.9,639.8,639.8,341.6,683.2,683.2
Easy Travel Insurance,International Comprehensive,24,Days,26,Days,75,79,834.4,1668.8,1668.8,629.3,1258.6,1258.6,501.9,1003.8,1003.8,441.7,883.4,883.4,438.9,877.8,877.8,385.7,771.4,771.4,344.4,688.8,688.8,385.7,771.4,771.4
Easy Travel Insurance,International Comprehensive,27,Days,29,Days,75,79,838.6,1677.2,1677.2,632.8,1265.6,1265.6,506.8,1013.6,1013.6,442.4,884.8,884.8,441.7,883.4,883.4,389.9,779.8,779.8,371,742,742,389.9,779.8,779.8
Easy Travel Insurance,International Comprehensive,30,Days,32,Days,75,79,1001.7,2003.4,2003.4,708.4,1416.8,1416.8,564.9,1129.8,1129.8,497.7,995.4,995.4,493.5,987,987,434,868,868,388.5,777,777,434,868,868
Easy Travel Insurance,International Comprehensive,33,Days,35,Days,75,79,1009.4,2018.8,2018.8,711.2,1422.4,1422.4,571.2,1142.4,1142.4,498.4,996.8,996.8,497.7,995.4,995.4,438.2,876.4,876.4,422.1,844.2,844.2,438.2,876.4,876.4
Easy Travel Insurance,International Comprehensive,36,Days,38,Days,75,79,1012.2,2024.4,2024.4,794.5,1589,1589,628.6,1257.2,1257.2,553.7,1107.4,1107.4,553.7,1107.4,1107.4,486.5,973,973,452.2,904.4,904.4,486.5,973,973
Easy Travel Insurance,International Comprehensive,39,Days,42,Days,75,79,1176.7,2353.4,2353.4,877.1,1754.2,1754.2,692.3,1384.6,1384.6,609.7,1219.4,1219.4,609.7,1219.4,1219.4,534.1,1068.2,1068.2,487.2,974.4,974.4,534.1,1068.2,1068.2
Easy Travel Insurance,International Comprehensive,43,Days,45,Days,75,79,1215.9,2431.8,2431.8,994,1988,1988,793.1,1586.2,1586.2,702.1,1404.2,1404.2,702.1,1404.2,1404.2,618.1,1236.2,1236.2,522.2,1044.4,1044.4,618.1,1236.2,1236.2
Easy Travel Insurance,International Comprehensive,46,Days,49,Days,75,79,1351.7,2703.4,2703.4,998.9,1997.8,1997.8,796.6,1593.2,1593.2,706.3,1412.6,1412.6,706.3,1412.6,1412.6,625.1,1250.2,1250.2,549.5,1099,1099,625.1,1250.2,1250.2
Easy Travel Insurance,International Comprehensive,50,Days,56,Days,75,79,1488.9,2977.8,2977.8,1052.8,2105.6,2105.6,838.6,1677.2,1677.2,742.7,1485.4,1485.4,742.7,1485.4,1485.4,648.2,1296.4,1296.4,572.6,1145.2,1145.2,648.2,1296.4,1296.4
Easy Travel Insurance,International Comprehensive,1,Days,5,Days,80,150,480.2,960.4,960.4,499.8,999.6,999.6,397.6,795.2,795.2,353.5,707,707,353.5,707,707,309.4,618.8,618.8,131.6,263.2,263.2,309.4,618.8,618.8
Easy Travel Insurance,International Comprehensive,6,Days,8,Days,80,150,597.8,1195.6,1195.6,565.6,1131.2,1131.2,452.2,904.4,904.4,397.6,795.2,795.2,397.6,795.2,795.2,350,700,700,170.8,341.6,341.6,350,700,700
Easy Travel Insurance,International Comprehensive,9,Days,11,Days,80,150,834.4,1668.8,1668.8,675.5,1351,1351,536.2,1072.4,1072.4,470.4,940.8,940.8,470.4,940.8,940.8,415.8,831.6,831.6,211.4,422.8,422.8,415.8,831.6,831.6
Easy Travel Insurance,International Comprehensive,12,Days,14,Days,80,150,837.9,1675.8,1675.8,770.7,1541.4,1541.4,606.2,1212.4,1212.4,529.9,1059.8,1059.8,534.8,1069.6,1069.6,469,938,938,261.1,522.2,522.2,469,938,938
Easy Travel Insurance,International Comprehensive,15,Days,17,Days,80,150,841.4,1682.8,1682.8,774.2,1548.4,1548.4,609.7,1219.4,1219.4,536.2,1072.4,1072.4,536.2,1072.4,1072.4,473.9,947.8,947.8,304.5,609,609,473.9,947.8,947.8
Easy Travel Insurance,International Comprehensive,18,Days,20,Days,80,150,983.5,1967,1967,898.8,1797.6,1797.6,711.9,1423.8,1423.8,624.4,1248.8,1248.8,624.4,1248.8,1248.8,547.4,1094.8,1094.8,362.6,725.2,725.2,547.4,1094.8,1094.8
Easy Travel Insurance,International Comprehensive,21,Days,23,Days,80,150,987.7,1975.4,1975.4,1030.4,2060.8,2060.8,810.6,1621.2,1621.2,672,1344,1344,672,1344,1344,624.4,1248.8,1248.8,402.5,805,805,624.4,1248.8,1248.8
Easy Travel Insurance,International Comprehensive,24,Days,26,Days,80,150,1207.5,2415,2415,1169,2338,2338,926.1,1852.2,1852.2,812,1624,1624,812,1624,1624,712.6,1425.2,1425.2,434.7,869.4,869.4,712.6,1425.2,1425.2
Easy Travel Insurance,International Comprehensive,27,Days,29,Days,80,150,1213.1,2426.2,2426.2,1176.7,2353.4,2353.4,927.5,1855,1855,814.1,1628.2,1628.2,814.1,1628.2,1628.2,715.4,1430.8,1430.8,469,938,938,715.4,1430.8,1430.8
Easy Travel Insurance,International Comprehensive,30,Days,32,Days,80,150,1458.1,2916.2,2916.2,1321.6,2643.2,2643.2,1044.4,2088.8,2088.8,918.4,1836.8,1836.8,918.4,1836.8,1836.8,804.3,1608.6,1608.6,492.1,984.2,984.2,804.3,1608.6,1608.6
Easy Travel Insurance,International Comprehensive,33,Days,35,Days,80,150,1465.8,2931.6,2931.6,1326.5,2653,2653,1048.6,2097.2,2097.2,920.5,1841,1841,920.5,1841,1841,807.1,1614.2,1614.2,535.5,1071,1071,807.1,1614.2,1614.2
Easy Travel Insurance,International Comprehensive,36,Days,38,Days,80,150,1469.3,2938.6,2938.6,1484,2968,2968,1169,2338,2338,1026.2,2052.4,2052.4,1026.2,2052.4,2052.4,898.8,1797.6,1797.6,574.7,1149.4,1149.4,898.8,1797.6,1797.6
Easy Travel Insurance,International Comprehensive,39,Days,42,Days,80,150,1716.4,3432.8,3432.8,1640.8,3281.6,3281.6,1290.1,2580.2,2580.2,1132.6,2265.2,2265.2,1132.6,2265.2,2265.2,989.8,1979.6,1979.6,620.2,1240.4,1240.4,989.8,1979.6,1979.6
Easy Travel Insurance,Multi-trip Worldwide including USA (60 days per trip),1,365,Days,0,49,296.1,592.2,592.2,,,,,,,,,,,,,,,,,,,,,,
Easy Travel Insurance,Multi-trip Worldwide including USA (60 days per trip),1,365,Days,50,59,403.2,806.4,806.4,,,,,,,,,,,,,,,,,,,,,,
Easy Travel Insurance,Multi-trip Worldwide including USA (60 days per trip),1,365,Days,60,69,482.3,964.6,964.6,,,,,,,,,,,,,,,,,,,,,,
Easy Travel Insurance,Multi-trip Worldwide excluding USA (60 days per trip),1,365,Days,0,49,178.5,357,357,,,,,,,,,,,,,,,,,,,,,,
Easy Travel Insurance,Multi-trip Worldwide excluding USA (60 days per trip),1,365,Days,50,59,242.9,485.8,485.8,,,,,,,,,,,,,,,,,,,,,,
Easy Travel Insurance,Multi-trip Worldwide excluding USA (60 days per trip),1,365,Days,60,69,285.6,571.2,571.2,,,,,,,,,,,,,,,,,,,,,,
